-- --------------------------------------------------------
-- Хост:                         127.0.0.1
-- Версия на сървъра:            10.1.35-MariaDB - mariadb.org binary distribution
-- ОС на сървъра:                Win32
-- HeidiSQL Версия:              9.5.0.5196
-- --------------------------------------------------------

/*!40101 SET @OLD_CHARACTER_SET_CLIENT=@@CHARACTER_SET_CLIENT */;
/*!40101 SET NAMES utf8 */;
/*!50503 SET NAMES utf8mb4 */;
/*!40014 SET @OLD_FOREIGN_KEY_CHECKS=@@FOREIGN_KEY_CHECKS, FOREIGN_KEY_CHECKS=0 */;
/*!40101 SET @OLD_SQL_MODE=@@SQL_MODE, SQL_MODE='NO_AUTO_VALUE_ON_ZERO' */;

-- Дъмп структура за таблица symfony_social_network.article
CREATE TABLE IF NOT EXISTS `article` (
  `id` int(11) NOT NULL AUTO_INCREMENT,
  `author_id` int(11) DEFAULT NULL,
  `description` varchar(255) COLLATE utf8_unicode_ci NOT NULL,
  `dateAdded` date NOT NULL,
  `likes` int(11) NOT NULL,
  `image` varchar(255) COLLATE utf8_unicode_ci NOT NULL,
  PRIMARY KEY (`id`),
  UNIQUE KEY `UNIQ_23A0E66C53D045F` (`image`),
  KEY `IDX_23A0E66F675F31B` (`author_id`),
  CONSTRAINT `FK_23A0E66F675F31B` FOREIGN KEY (`author_id`) REFERENCES `users` (`id`)
) ENGINE=InnoDB AUTO_INCREMENT=8 DEFAULT CHARSET=utf8 COLLATE=utf8_unicode_ci;

-- Дъмп данни за таблица symfony_social_network.article: ~5 rows (approximately)
/*!40000 ALTER TABLE `article` DISABLE KEYS */;
INSERT INTO `article` (`id`, `author_id`, `description`, `dateAdded`, `likes`, `image`) VALUES
	(1, 1, 'Soo Coool!', '2019-02-27', 0, '14442ad62b870d2755185fdc43a3e77a.jpeg'),
	(2, 1, 'Nice House!', '2019-02-27', 0, '7e78df627602e1bf8ec61aea07469ce2.jpeg'),
	(3, 1, 'I Very love Penguins', '2019-02-27', 0, 'cfa9d6ec6ae53e100e4d696486f8b03f.jpeg'),
	(4, 1, 'Cool Town', '2019-02-28', 0, '0f6429cfcc6fad8bedd3f8887ff30d16.jpeg'),
	(5, 2, 'My Koala', '2019-02-28', 0, 'ecac5c56735a3f59055aa626e56e1081.jpeg'),
	(6, 1, 'Just User', '2019-03-02', 0, '4ffe9b1b5266a22e895c62cf7b38a24f.png'),
	(7, 3, 'Meduza', '2019-03-21', 0, '41d6765150dad591e92c9c90b83115bf.jpeg');
/*!40000 ALTER TABLE `article` ENABLE KEYS */;

-- Дъмп структура за таблица symfony_social_network.friends
CREATE TABLE IF NOT EXISTS `friends` (
  `user_id` int(11) NOT NULL,
  `friend_user_id` int(11) NOT NULL,
  PRIMARY KEY (`user_id`,`friend_user_id`),
  KEY `IDX_21EE7069A76ED395` (`user_id`),
  KEY `IDX_21EE706993D1119E` (`friend_user_id`),
  CONSTRAINT `FK_21EE706993D1119E` FOREIGN KEY (`friend_user_id`) REFERENCES `users` (`id`),
  CONSTRAINT `FK_21EE7069A76ED395` FOREIGN KEY (`user_id`) REFERENCES `users` (`id`)
) ENGINE=InnoDB DEFAULT CHARSET=utf8 COLLATE=utf8_unicode_ci;

-- Дъмп данни за таблица symfony_social_network.friends: ~9 rows (approximately)
/*!40000 ALTER TABLE `friends` DISABLE KEYS */;
INSERT INTO `friends` (`user_id`, `friend_user_id`) VALUES
	(1, 2),
	(1, 4),
	(1, 5),
	(1, 145),
	(1, 180),
	(1, 190),
	(1, 455),
	(1, 635),
	(2, 5),
	(3, 1);
/*!40000 ALTER TABLE `friends` ENABLE KEYS */;

-- Дъмп структура за таблица symfony_social_network.messages
CREATE TABLE IF NOT EXISTS `messages` (
  `id` int(11) NOT NULL AUTO_INCREMENT,
  `accept_user` int(11) DEFAULT NULL,
  `send_user` int(11) DEFAULT NULL,
  `content` varchar(255) COLLATE utf8_unicode_ci NOT NULL,
  `date_added` datetime NOT NULL,
  `is_delivered` tinyint(1) NOT NULL,
  `is_seen` tinyint(1) NOT NULL,
  PRIMARY KEY (`id`),
  KEY `IDX_DB021E9657A79A6A` (`accept_user`),
  KEY `IDX_DB021E96E9546EDA` (`send_user`),
  CONSTRAINT `FK_DB021E9657A79A6A` FOREIGN KEY (`accept_user`) REFERENCES `users` (`id`),
  CONSTRAINT `FK_DB021E96E9546EDA` FOREIGN KEY (`send_user`) REFERENCES `users` (`id`)
) ENGINE=InnoDB AUTO_INCREMENT=265 DEFAULT CHARSET=utf8 COLLATE=utf8_unicode_ci;

-- Дъмп данни за таблица symfony_social_network.messages: ~31 rows (approximately)
/*!40000 ALTER TABLE `messages` DISABLE KEYS */;
INSERT INTO `messages` (`id`, `accept_user`, `send_user`, `content`, `date_added`, `is_delivered`, `is_seen`) VALUES
	(1, 5, 1, 'Hello Antonia', '2019-03-14 14:03:31', 1, 1),
	(2, 5, 1, 'Hello ', '2019-03-14 14:04:33', 1, 1),
	(3, 5, 1, 'Hy Baby', '2019-03-14 14:05:03', 1, 1),
	(4, 5, 1, 'Hello Sunny', '2019-03-14 14:13:12', 1, 1),
	(5, 5, 1, 'I want to see you', '2019-03-14 14:13:50', 1, 1),
	(6, 1, 5, 'I Love you', '2019-03-14 18:11:47', 1, 1),
	(7, 1, 5, 'I just love You!!!', '2019-03-14 21:21:52', 1, 1),
	(8, 1, 5, 'I also want to see you!!!', '2019-03-14 21:22:34', 1, 1),
	(9, 4, 1, 'Здравей мамо', '2019-03-14 21:38:54', 1, 1),
	(10, 2, 1, 'Hello Ralica', '2019-03-14 21:57:43', 1, 1),
	(11, 145, 1, 'Elen Koleva You are great actress', '2019-03-14 22:00:33', 0, 1),
	(13, 180, 1, 'Elen Koleva i like you', '2019-03-14 22:01:30', 0, 1),
	(14, 635, 1, 'Elen Koleva you are great', '2019-03-14 22:02:25', 0, 1),
	(15, 5, 1, 'I want to hug you', '2019-03-14 22:02:43', 1, 1),
	(16, 5, 1, 'When we see i will do it', '2019-03-14 22:04:57', 1, 1),
	(17, 455, 1, 'Hy I am David nice to meet you', '2019-03-14 22:05:24', 0, 1),
	(18, 1, 3, 'Здравей Давид как си?', '2019-03-14 22:27:25', 1, 1),
	(19, 3, 1, 'Супер съм ти?', '2019-03-14 22:28:00', 1, 1),
	(20, 1, 5, 'I will back tommorow', '2019-03-15 11:31:40', 1, 1),
	(21, 1, 5, 'And we will see ', '2019-03-15 11:31:52', 1, 1),
	(22, 1, 5, 'Do you want to bring something?', '2019-03-15 11:33:33', 1, 1),
	(23, 1, 5, 'Here is full with interesting things', '2019-03-15 11:34:00', 1, 1),
	(24, 2, 5, 'Hy Ralica', '2019-03-15 11:34:28', 1, 1),
	(25, 1, 5, 'I gave somthing to you', '2019-03-15 11:34:54', 1, 1),
	(26, 5, 1, 'I want many things', '2019-03-15 11:36:41', 1, 1),
	(27, 5, 1, 'Books', '2019-03-15 11:36:55', 1, 1),
	(28, 5, 1, 'Some interesting story', '2019-03-15 11:37:17', 1, 1),
	(29, 5, 1, 'You', '2019-03-15 11:37:32', 1, 1),
	(30, 5, 1, 'Chinesse Articuls', '2019-03-15 11:38:05', 1, 1),
	(31, 5, 1, 'And many others', '2019-03-15 11:38:18', 1, 1),
	(32, 5, 1, 'O don`t forgot for my food', '2019-03-15 11:38:42', 1, 1),
	(33, 5, 1, 'Hi', '2019-03-15 12:58:58', 1, 1),
	(34, 1, 2, 'Здравей липсваш ми!', '2019-03-16 15:52:25', 1, 1),
	(35, 1, 2, 'Нямам търпение да се видим', '2019-03-17 13:24:05', 1, 1),
	(36, 2, 1, 'Ще се видим скоро', '2019-03-17 13:26:12', 1, 1),
	(37, 1, 2, 'Нямам търпение', '2019-03-17 13:27:30', 1, 1),
	(38, 2, 1, 'Винаги е приятно да те видя', '2019-03-17 13:28:27', 1, 1),
	(39, 1, 2, 'Да знам ', '2019-03-17 13:29:22', 1, 1),
	(40, 2, 1, 'Какво искаш да привим', '2019-03-17 13:30:04', 1, 1),
	(41, 2, 1, 'Измислил съм интересни неща', '2019-03-17 13:30:39', 1, 1),
	(42, 1, 2, 'Да знам ти си много забавна личност', '2019-03-17 13:31:15', 1, 1),
	(43, 2, 1, 'Имам изненада', '2019-03-17 13:32:10', 1, 1),
	(44, 1, 2, 'Каква е', '2019-03-17 13:32:38', 1, 1),
	(45, 2, 1, 'Когато се видим ще разбереш', '2019-03-17 13:34:17', 1, 1),
	(46, 2, 1, 'Но съм сигурен че ще ти харес', '2019-03-17 13:35:00', 1, 1),
	(47, 1, 2, 'Щом в с теб винаги е забавно', '2019-03-17 13:35:37', 1, 1),
	(48, 2, 1, 'Права си, но този път е и специално', '2019-03-17 13:36:13', 1, 1),
	(49, 1, 2, 'искаш ли да ходим да хапнем нещо първо', '2019-03-17 13:37:33', 1, 1),
	(50, 1, 2, 'Да много съм гладна', '2019-03-17 13:38:43', 1, 1),
	(51, 2, 1, 'Да и затова ще те заведа в най-хубавия ресторант', '2019-03-17 13:39:16', 1, 1),
	(52, 2, 1, 'Говоря за този в който винаги си искала да отидем', '2019-03-17 13:39:54', 1, 1),
	(53, 1, 2, 'Това е прекрасно като теб', '2019-03-17 13:40:27', 1, 1),
	(54, 2, 1, 'И ти си прекрасна', '2019-03-17 13:40:37', 1, 1),
	(55, 1, 2, 'Всичко е прекрасно', '2019-03-17 13:40:51', 1, 1),
	(56, 2, 1, 'Така е ', '2019-03-17 13:40:57', 1, 1),
	(57, 2, 1, 'Здравей отново', '2019-03-17 13:56:26', 1, 1),
	(58, 1, 2, 'Как си', '2019-03-17 13:56:54', 1, 1),
	(59, 2, 1, 'Супер ти', '2019-03-17 13:57:04', 1, 1),
	(60, 1, 2, 'Искам да отидем на едно много специално за нас място', '2019-03-17 13:57:29', 1, 1),
	(61, 2, 1, 'Къде се намира', '2019-03-17 13:57:39', 1, 1),
	(62, 1, 2, 'Знам че знаеш', '2019-03-17 13:57:52', 1, 1),
	(63, 2, 1, 'ООО сега разбрах', '2019-03-17 13:58:08', 1, 1),
	(64, 1, 2, 'Ахаа', '2019-03-17 13:58:13', 1, 1),
	(65, 2, 1, 'Добре кога да те взема', '2019-03-17 13:58:34', 1, 1),
	(66, 1, 2, 'ами мисля към 6', '2019-03-17 13:58:48', 1, 1),
	(67, 2, 1, 'Ок няма проблем', '2019-03-17 13:58:58', 1, 1),
	(68, 2, 1, 'Обаче искам да вземеш нещо за ядене', '2019-03-17 13:59:22', 1, 1),
	(69, 1, 2, 'За теб винаги ', '2019-03-17 13:59:50', 1, 1),
	(70, 1, 2, 'Какво искаш да взема', '2019-03-17 14:00:06', 1, 1),
	(71, 2, 1, 'Ами...', '2019-03-17 14:00:14', 1, 1),
	(72, 2, 1, 'Искам някви сладки неща', '2019-03-17 14:00:41', 1, 1),
	(73, 2, 1, 'Солени неща', '2019-03-17 14:00:51', 1, 1),
	(74, 2, 1, 'Общо взето каквото решиш', '2019-03-17 14:01:05', 1, 1),
	(75, 1, 2, 'Да добре ясно', '2019-03-17 14:01:12', 1, 1),
	(76, 1, 2, 'Знам точно от какво имаш нужда', '2019-03-17 14:01:42', 1, 1),
	(77, 2, 1, 'Знам че знаеш ', '2019-03-17 14:01:57', 1, 1),
	(78, 2, 1, 'Искаш ли да вземе Мартин', '2019-03-17 14:02:15', 1, 1),
	(79, 1, 2, 'Да добре ', '2019-03-17 14:02:22', 1, 1),
	(80, 2, 1, 'Знаеш че ми е най-добрия приятел и няма как', '2019-03-17 14:02:55', 1, 1),
	(81, 1, 2, 'Да знам ще се радвам да дойде', '2019-03-17 14:03:13', 1, 1),
	(82, 2, 1, 'Каза че ще вземе неговата приятелка', '2019-03-17 14:03:32', 1, 1),
	(83, 1, 2, 'Да аз много се разбирам с нея', '2019-03-17 14:03:46', 1, 1),
	(84, 2, 1, 'Да затова го повиках знам че я харесваш', '2019-03-17 14:04:05', 1, 1),
	(85, 5, 2, 'Hy Antoniq', '2019-03-17 14:05:03', 1, 1),
	(86, 1, 2, 'Да много си пресметлив', '2019-03-17 14:05:32', 1, 1),
	(87, 1, 2, 'Винаги знаеш как да ме зарадваш', '2019-03-17 14:05:59', 1, 1),
	(88, 1, 2, 'Затова те обичам', '2019-03-17 14:06:22', 1, 1),
	(89, 1, 2, 'Нали знаеш', '2019-03-17 14:06:35', 1, 1),
	(90, 2, 1, 'Да знам', '2019-03-17 14:06:40', 1, 1),
	(91, 2, 1, 'И аз те обичам', '2019-03-17 14:06:51', 1, 1),
	(92, 2, 1, 'И аз те обичам', '2019-03-17 14:06:52', 1, 1),
	(93, 2, 1, 'Ти си един прекрасен човек', '2019-03-17 14:34:02', 1, 1),
	(94, 2, 1, 'и заслужаваш всичко най-хубаво', '2019-03-17 14:34:22', 1, 1),
	(95, 2, 1, 'затова ще направя всичко за да ти го дам', '2019-03-17 14:34:43', 1, 1),
	(96, 2, 1, 'Чакам те в центъра', '2019-03-17 15:03:48', 1, 1),
	(97, 1, 2, 'И аз те обичам', '2019-03-18 11:02:00', 1, 1),
	(98, 1, 2, 'Много ', '2019-03-18 11:04:40', 1, 1),
	(99, 1, 2, 'Кога ще тръгнеш', '2019-03-18 11:06:35', 1, 1),
	(100, 1, 2, 'Имам ли време да се оправя', '2019-03-18 11:07:15', 1, 1),
	(101, 1, 2, 'Искам да бъда красива все пак', '2019-03-18 11:13:09', 1, 1),
	(102, 1, 2, 'Как искаш да съм облечена', '2019-03-18 11:15:36', 1, 1),
	(103, 1, 2, 'Или да те изненадам', '2019-03-18 11:16:43', 1, 1),
	(104, 1, 2, 'Направо ще бъде изненада', '2019-03-18 11:17:14', 1, 1),
	(105, 1, 4, 'Здравей', '2019-03-18 11:18:08', 1, 1),
	(106, 1, 4, 'Как си', '2019-03-18 11:19:22', 1, 1),
	(107, 1, 4, 'Какво искаш за ядене после', '2019-03-18 11:20:50', 1, 1),
	(108, 4, 1, 'Нещо вкусно', '2019-03-18 11:21:45', 1, 1),
	(109, 1, 4, 'Чушки с ориз', '2019-03-18 11:22:34', 1, 1),
	(110, 1, 4, 'Добре', '2019-03-18 11:25:40', 1, 1),
	(111, 1, 4, 'Кога ще се прибереш', '2019-03-18 11:26:55', 1, 1),
	(112, 2, 1, 'Много ми се иска да видя твоята изненада', '2019-03-21 11:42:52', 1, 1),
	(113, 2, 1, 'С нетърпение я очаквам', '2019-03-21 12:02:21', 1, 1),
	(114, 2, 1, 'С много голямо нетърпение я очаквам', '2019-03-21 12:02:56', 1, 1),
	(115, 1, 2, 'Ще ти хареса със сигурност', '2019-03-21 12:03:43', 1, 1),
	(116, 2, 1, 'Къде ще се чакаме', '2019-03-21 12:05:14', 1, 1),
	(117, 1, 2, 'Ти къде предлагаш', '2019-03-21 12:05:35', 1, 1),
	(118, 2, 1, 'Ами в центъра', '2019-03-21 12:07:24', 1, 1),
	(119, 1, 2, 'Ок пред фредо', '2019-03-21 12:08:17', 1, 1),
	(120, 2, 1, 'Да мисля че е добра идея', '2019-03-21 12:08:53', 1, 1),
	(121, 1, 2, 'Добре след малко тръгвам', '2019-03-21 12:11:23', 1, 1),
	(122, 2, 1, 'И аз ', '2019-03-21 12:12:33', 1, 1),
	(123, 1, 2, 'Добре', '2019-03-21 12:15:40', 1, 1),
	(124, 1, 2, 'Аз пътувам', '2019-03-21 12:21:26', 1, 1),
	(125, 2, 1, 'Ок и аз тръгнах', '2019-03-21 12:24:00', 1, 1),
	(126, 2, 1, 'Много ми беше приятна срещата', '2019-03-21 12:25:36', 1, 1),
	(127, 2, 1, 'С нетърпение чакам следващата', '2019-03-21 12:26:14', 1, 1),
	(128, 1, 2, 'аз също', '2019-03-21 12:26:36', 1, 1),
	(129, 1, 2, 'Всичко много ми хареса', '2019-03-21 12:26:51', 1, 1),
	(130, 1, 2, 'Даже още утре може да отидем пак', '2019-03-21 12:27:58', 1, 1),
	(131, 2, 1, 'Аз съм съгласен', '2019-03-21 12:31:32', 1, 1),
	(132, 1, 2, 'Добре към колко часа', '2019-03-21 12:31:55', 1, 1),
	(133, 1, 2, 'Ако можеш към 9', '2019-03-21 12:34:07', 1, 1),
	(134, 2, 1, 'Да може когато ти е удобно', '2019-03-21 12:34:38', 1, 1),
	(135, 1, 2, 'Добре идеално значи към 9', '2019-03-21 12:34:59', 1, 1),
	(136, 1, 2, 'Толкова ми хареса че и сега бих тръгнала', '2019-03-21 12:36:41', 1, 1),
	(137, 2, 1, 'Да и на мен', '2019-03-21 12:36:51', 1, 1),
	(138, 1, 2, 'Просто всичко беше прекрасно', '2019-03-21 12:37:16', 1, 1),
	(139, 3, 1, 'Zdr Drebno', '2019-03-21 18:11:48', 1, 1),
	(140, 1, 3, 'zdrasti mali', '2019-03-21 18:12:28', 1, 1),
	(141, 3, 1, 'Koga she mi napravish qica', '2019-03-21 18:12:46', 1, 1),
	(142, 3, 1, 'gladen sum', '2019-03-21 18:13:02', 1, 1),
	(143, 1, 3, 'kiga sakash', '2019-03-21 18:13:06', 1, 1),
	(144, 3, 1, 'po burzo', '2019-03-21 18:13:09', 1, 1),
	(145, 1, 3, 'sa li bre', '2019-03-21 18:13:28', 1, 1),
	(146, 3, 1, 'i da izberesh hubava ograda', '2019-03-21 18:13:40', 1, 1),
	(147, 3, 1, 'ne otivam na fitness', '2019-03-21 18:13:48', 1, 1),
	(148, 1, 3, 'na fitnes nema li da odish', '2019-03-21 18:13:49', 1, 1),
	(149, 3, 1, 'posle she gi napravish', '2019-03-21 18:13:58', 1, 1),
	(150, 1, 3, 'pa dobro', '2019-03-21 18:14:18', 1, 1),
	(151, 1, 2, 'След малко ще тръгна', '2019-03-22 11:54:12', 1, 1),
	(152, 1, 2, 'Ти кога тръгваш', '2019-03-22 11:55:40', 1, 1),
	(153, 1, 2, 'Ако искаш да се чакаме пак там направо', '2019-03-22 11:57:09', 1, 1),
	(154, 2, 1, 'Ок няма проблем', '2019-03-22 11:57:48', 1, 1),
	(155, 2, 1, 'Очаквам те', '2019-03-22 11:59:22', 1, 1),
	(156, 1, 2, 'След малко съм при теб', '2019-03-22 12:01:57', 1, 1),
	(157, 1, 2, 'Каква храна ти се яде', '2019-03-22 12:16:17', 1, 1),
	(158, 1, 2, 'На мен ми се яде китайско', '2019-03-22 12:24:52', 1, 1),
	(159, 1, 2, 'Може и суши', '2019-03-22 12:25:21', 1, 1),
	(160, 1, 2, 'Напражо ти реши', '2019-03-22 12:28:20', 1, 1),
	(161, 1, 2, 'Една приятелка ще бъде с нас', '2019-03-22 12:29:09', 1, 1),
	(162, 1, 2, 'Много е приятна ще ти хареса', '2019-03-22 12:30:28', 1, 1),
	(163, 1, 2, 'Сигурно си я виждал', '2019-03-22 12:32:32', 1, 1),
	(164, 2, 1, 'Как се казва', '2019-03-22 12:34:26', 1, 1),
	(165, 2, 1, 'Да не е Лили', '2019-03-22 12:35:05', 1, 1),
	(166, 1, 2, 'Да точно тя е', '2019-03-22 12:36:18', 1, 1),
	(167, 1, 2, 'Вие познавате ли се отнякъде', '2019-03-22 12:40:09', 1, 1),
	(168, 1, 2, 'Тя е много приятно момиче', '2019-03-22 12:41:50', 1, 1),
	(169, 1, 2, 'Ще ти допадне', '2019-03-22 12:45:36', 1, 1),
	(170, 1, 2, 'Просто нямаше как да и откажа', '2019-03-22 12:46:01', 1, 1),
	(171, 1, 2, 'Знаеш че си помагаме взаимно', '2019-03-22 12:50:27', 1, 1),
	(172, 1, 2, 'Ти къде си точно', '2019-03-22 12:54:31', 1, 1),
	(173, 1, 2, 'Ние сме почти в центъра', '2019-03-22 12:54:57', 1, 1),
	(174, 2, 1, 'И аз съм почти там', '2019-03-22 12:56:07', 1, 1),
	(175, 1, 2, 'Ок ', '2019-03-22 12:57:02', 1, 1),
	(176, 1, 2, 'Запазил си резервация нали?', '2019-03-22 12:57:52', 1, 1),
	(177, 2, 1, 'Да разбира се', '2019-03-22 12:59:25', 1, 1),
	(178, 1, 2, 'На нашето място нали', '2019-03-22 12:59:42', 1, 1),
	(179, 1, 2, 'Ние сме там', '2019-03-22 13:03:51', 1, 1),
	(180, 1, 2, 'Направо тръгваме към заведението', '2019-03-22 13:04:27', 1, 1),
	(181, 1, 2, 'Поръчваме си', '2019-03-22 13:05:50', 1, 1),
	(182, 1, 2, 'И теб поръчах', '2019-03-22 13:06:36', 1, 1),
	(183, 1, 2, 'Знам какво харесваш', '2019-03-22 13:07:14', 1, 1),
	(184, 1, 2, 'Знам какво харесваш', '2019-03-22 13:07:14', 1, 1),
	(185, 1, 2, 'Омлет :)', '2019-03-22 13:07:48', 1, 1),
	(186, 2, 1, 'Идеално аз паркирам', '2019-03-22 13:09:21', 1, 1),
	(187, 2, 1, 'След 5 мин съм при вас', '2019-03-22 13:09:37', 1, 1),
	(188, 1, 2, 'Очакваме теее', '2019-03-22 13:09:54', 1, 1),
	(189, 1, 2, 'Побързай', '2019-03-22 13:11:11', 1, 1),
	(190, 1, 2, 'За да остане и за теб', '2019-03-22 13:11:21', 1, 1),
	(191, 1, 2, 'Иначе ние ще го изядем', '2019-03-22 13:11:51', 1, 1),
	(192, 1, 2, 'Храната  е тук', '2019-03-22 13:15:20', 1, 1),
	(193, 1, 2, 'И изглежда чудесно', '2019-03-22 13:15:43', 1, 1),
	(194, 1, 2, 'Побързай', '2019-03-22 15:05:59', 1, 1),
	(195, 1, 2, 'Побързай', '2019-03-22 15:06:44', 1, 1),
	(196, 1, 2, 'Лили също те чака', '2019-03-22 15:07:11', 1, 1),
	(197, 1, 2, 'И казжа че и липсваш', '2019-03-22 15:07:39', 1, 1),
	(198, 2, 1, 'Идвам скъпа', '2019-03-22 15:09:31', 1, 1),
	(199, 2, 1, 'Не се плаши', '2019-03-22 15:09:41', 1, 1),
	(200, 2, 1, 'След 5 мин', '2019-03-22 15:09:48', 1, 1),
	(201, 1, 2, 'Добре', '2019-03-22 15:10:10', 1, 1),
	(202, 1, 2, 'Чакаме те', '2019-03-22 15:11:36', 1, 1),
	(203, 1, 2, 'И започваме с храната', '2019-03-22 15:12:00', 1, 1),
	(204, 2, 1, 'Добре не се притеснявайте ', '2019-03-22 15:13:21', 1, 1),
	(205, 1, 2, 'Ок', '2019-03-22 15:13:35', 1, 1),
	(206, 1, 2, 'ок', '2019-03-22 15:14:49', 1, 1),
	(207, 1, 2, 'Много е вкусно да знаеш', '2019-03-22 15:16:38', 1, 1),
	(208, 1, 2, 'Среща пак беше чудесна', '2019-03-22 15:19:46', 1, 1),
	(209, 2, 1, 'Да така е ', '2019-03-22 15:21:14', 1, 1),
	(210, 1, 2, 'Всичко беше идеално', '2019-03-22 15:21:35', 1, 1),
	(211, 1, 2, 'Искам отново', '2019-03-22 15:23:09', 1, 1),
	(212, 1, 2, 'Кога ще бъде', '2019-03-22 15:23:37', 1, 1),
	(213, 1, 2, 'Утре', '2019-03-22 15:28:13', 1, 1),
	(214, 1, 2, 'Или когато желаеш', '2019-03-22 15:28:53', 1, 1),
	(215, 2, 1, 'Още сега направо ще дойда', '2019-03-22 15:36:46', 1, 1),
	(216, 2, 1, 'Стига сме се правили на деца', '2019-03-22 15:36:57', 1, 1),
	(217, 1, 2, 'Чакам те', '2019-03-22 15:37:11', 1, 1),
	(218, 1, 2, 'С голямо нетърпение', '2019-03-22 15:40:27', 1, 1),
	(219, 1, 2, 'Ще взема нещо за пиене', '2019-03-22 15:40:59', 1, 1),
	(220, 1, 2, 'Някакво вино', '2019-03-22 15:42:04', 1, 1),
	(221, 1, 2, 'Бяло', '2019-03-22 15:44:43', 1, 1),
	(222, 1, 2, 'Червено', '2019-03-22 15:45:05', 1, 1),
	(223, 1, 2, 'Какво предпочиташ', '2019-03-22 15:47:03', 1, 1),
	(224, 1, 2, 'Избери си', '2019-03-22 15:47:19', 1, 1),
	(225, 1, 2, 'ти разбираш', '2019-03-22 15:48:50', 1, 1),
	(226, 1, 2, 'от вино', '2019-03-22 15:50:21', 1, 1),
	(227, 1, 2, 'и такива неща', '2019-03-22 15:51:29', 1, 1),
	(228, 1, 2, 'мн харесвам такижа хора', '2019-03-22 15:52:43', 1, 1),
	(229, 1, 2, 'като теб', '2019-03-22 15:53:08', 1, 1),
	(230, 1, 2, 'който знаят какво харесват', '2019-03-22 15:55:04', 1, 1),
	(231, 1, 2, 'и знаят как да мислят', '2019-03-22 15:56:07', 1, 1),
	(232, 2, 1, 'И аз много уважавам тези качества', '2019-03-22 15:56:49', 1, 1),
	(233, 1, 2, 'да нали хубаво е че има такива хора', '2019-03-22 15:57:22', 1, 1),
	(234, 1, 2, 'така е', '2019-03-22 15:57:53', 1, 1),
	(235, 1, 2, 'мн уважавам тези качества', '2019-03-22 15:58:25', 1, 1),
	(236, 1, 2, 'в един човек', '2019-03-22 15:58:42', 1, 1),
	(237, 1, 2, 'просто това е едно от важните неща', '2019-03-22 15:59:16', 1, 1),
	(238, 2, 1, 'Ти си важен човек за мен', '2019-03-22 16:01:06', 1, 1),
	(239, 2, 1, 'И те ценя', '2019-03-22 16:01:15', 1, 1),
	(240, 1, 5, 'Hy Baby', '2019-03-22 16:52:22', 1, 1),
	(241, 5, 1, 'Hy Honey', '2019-03-22 16:54:05', 1, 1),
	(242, 5, 1, 'How are you?', '2019-03-22 16:54:16', 1, 1),
	(243, 1, 5, 'Where are you going?', '2019-03-22 16:54:43', 1, 1),
	(244, 1, 5, 'I love you', '2019-03-22 16:55:50', 1, 1),
	(245, 1, 5, 'I love you very much', '2019-03-22 17:06:45', 1, 1),
	(246, 1, 5, 'When you want to see?', '2019-03-22 17:07:21', 1, 1),
	(247, 1, 5, 'Because I want', '2019-03-22 17:08:04', 1, 1),
	(248, 1, 5, 'So much', '2019-03-22 17:08:20', 1, 1),
	(249, 1, 5, 'I want You', '2019-03-22 17:10:40', 1, 1),
	(250, 1, 5, 'So much', '2019-03-22 17:10:59', 1, 1),
	(251, 1, 5, 'I have something to you', '2019-03-22 17:15:13', 1, 1),
	(252, 1, 2, 'И аз те ценя', '2019-03-22 17:17:18', 1, 1),
	(253, 1, 2, 'И то много притова', '2019-03-22 17:17:35', 1, 1),
	(254, 1, 2, 'Просто така', '2019-03-22 17:21:14', 1, 1),
	(255, 1, 2, 'Харесвам добри хора', '2019-03-22 17:22:43', 1, 1),
	(256, 1, 5, 'It is surprise', '2019-03-22 17:23:31', 1, 1),
	(257, 5, 1, 'I like your surprice', '2019-03-22 17:23:55', 1, 1),
	(258, 1, 5, 'I know that', '2019-03-22 17:24:10', 1, 1),
	(259, 1, 5, 'You are motivating me', '2019-03-22 17:25:12', 1, 1),
	(260, 1, 5, 'You are my presure', '2019-03-22 17:25:41', 1, 1),
	(261, 1, 5, 'My beauty', '2019-03-22 17:26:09', 1, 1),
	(262, 1, 5, 'My beauty', '2019-03-22 17:26:21', 1, 1),
	(263, 5, 1, 'You are my beauty', '2019-03-23 18:24:34', 0, 0),
	(264, 5, 1, 'I like you so much', '2019-03-23 18:24:51', 0, 0);
/*!40000 ALTER TABLE `messages` ENABLE KEYS */;

-- Дъмп структура за таблица symfony_social_network.roles
CREATE TABLE IF NOT EXISTS `roles` (
  `id` int(11) NOT NULL AUTO_INCREMENT,
  `name` varchar(100) COLLATE utf8_unicode_ci NOT NULL,
  PRIMARY KEY (`id`),
  UNIQUE KEY `UNIQ_B63E2EC75E237E06` (`name`)
) ENGINE=InnoDB AUTO_INCREMENT=3 DEFAULT CHARSET=utf8 COLLATE=utf8_unicode_ci;

-- Дъмп данни за таблица symfony_social_network.roles: ~2 rows (approximately)
/*!40000 ALTER TABLE `roles` DISABLE KEYS */;
INSERT INTO `roles` (`id`, `name`) VALUES
	(2, 'ROLE_ADMIN'),
	(1, 'ROLE_USER');
/*!40000 ALTER TABLE `roles` ENABLE KEYS */;

-- Дъмп структура за таблица symfony_social_network.suggestions
CREATE TABLE IF NOT EXISTS `suggestions` (
  `id` int(11) NOT NULL AUTO_INCREMENT,
  `suggest_user` int(11) DEFAULT NULL,
  `accept_user` int(11) DEFAULT NULL,
  `is_seen` tinyint(1) NOT NULL,
  `is_disabled` tinyint(1) NOT NULL,
  PRIMARY KEY (`id`),
  KEY `IDX_91B686146FE1E24F` (`suggest_user`),
  KEY `IDX_91B6861457A79A6A` (`accept_user`),
  CONSTRAINT `FK_91B6861457A79A6A` FOREIGN KEY (`accept_user`) REFERENCES `users` (`id`),
  CONSTRAINT `FK_91B686146FE1E24F` FOREIGN KEY (`suggest_user`) REFERENCES `users` (`id`)
) ENGINE=InnoDB AUTO_INCREMENT=44 DEFAULT CHARSET=utf8 COLLATE=utf8_unicode_ci;

-- Дъмп данни за таблица symfony_social_network.suggestions: ~39 rows (approximately)
/*!40000 ALTER TABLE `suggestions` DISABLE KEYS */;
INSERT INTO `suggestions` (`id`, `suggest_user`, `accept_user`, `is_seen`, `is_disabled`) VALUES
	(1, 1, 3, 1, 1),
	(2, 1, 4, 0, 0),
	(3, 1, 10, 0, 0),
	(4, 1, 18, 0, 0),
	(6, 1, 11, 0, 0),
	(7, 1, 8, 0, 0),
	(8, 1, 21, 0, 0),
	(9, 1, 33, 0, 0),
	(10, 1, 92, 0, 0),
	(11, 1, 7, 0, 0),
	(12, 1, 12, 0, 0),
	(13, 1, 14, 0, 0),
	(14, 1, 9, 0, 0),
	(15, 1, 34, 0, 0),
	(16, 1, 15, 0, 0),
	(17, 1, 19, 0, 0),
	(18, 1, 25, 0, 0),
	(19, 1, 39, 0, 0),
	(20, 1, 17, 0, 0),
	(21, 480, 1, 1, 0),
	(22, 1, 27, 0, 0),
	(23, 1, 69, 0, 0),
	(24, 1, 42, 0, 0),
	(25, 1, 31, 0, 0),
	(26, 1, 13, 0, 0),
	(27, 1, 57, 0, 0),
	(28, 175, 33, 0, 0),
	(29, 16, 43, 0, 0),
	(30, 142, 1, 1, 0),
	(31, 1, 67, 0, 0),
	(32, 1, 67, 0, 0),
	(33, 1, 68, 0, 0),
	(34, 302, 1, 1, 0),
	(35, 538, 1, 1, 0),
	(36, 455, 1, 1, 1),
	(37, 5, 2, 1, 1),
	(39, 2, 1, 1, 1),
	(40, 615, 1, 1, 0),
	(41, 635, 1, 1, 1),
	(42, 2, 8, 0, 0),
	(43, 1, 26, 0, 0);
/*!40000 ALTER TABLE `suggestions` ENABLE KEYS */;

-- Дъмп структура за таблица symfony_social_network.users
CREATE TABLE IF NOT EXISTS `users` (
  `id` int(11) NOT NULL AUTO_INCREMENT,
  `email` varchar(255) COLLATE utf8_unicode_ci NOT NULL,
  `firstName` varchar(255) COLLATE utf8_unicode_ci NOT NULL,
  `lastName` varchar(255) COLLATE utf8_unicode_ci NOT NULL,
  `phone` varchar(255) COLLATE utf8_unicode_ci NOT NULL,
  `password` varchar(255) COLLATE utf8_unicode_ci NOT NULL,
  `isActive` tinyint(1) NOT NULL,
  `birthDate` date NOT NULL,
  `profile_image` varchar(255) COLLATE utf8_unicode_ci NOT NULL,
  PRIMARY KEY (`id`),
  UNIQUE KEY `UNIQ_1483A5E9E7927C74` (`email`)
) ENGINE=InnoDB AUTO_INCREMENT=742 DEFAULT CHARSET=utf8 COLLATE=utf8_unicode_ci;

-- Дъмп данни за таблица symfony_social_network.users: ~741 rows (approximately)
/*!40000 ALTER TABLE `users` DISABLE KEYS */;
INSERT INTO `users` (`id`, `email`, `firstName`, `lastName`, `phone`, `password`, `isActive`, `birthDate`, `profile_image`) VALUES
	(1, 'david_786@abv.bg', 'David', 'Ivanov', '5611165', '$2y$13$EBjr2qzc5nGzhdr7MSwBQ..VGg3UiDRWRh4PvTHdvIW/J7BoI.yJG', 1, '2014-01-01', '0a6a00edea2ac99563b3b020d7a718b1.png'),
	(2, 'ralica@abv.bg', 'Ralica', 'Markova', '08465152132', '$2y$13$9XIciSWHoZQBzCeNTOt5BOBYXfw9lI4AyLPCvxYT5v8dFoMWwPalK', 1, '2014-01-01', '730be5c23c48048daae9e8698ac6f0c0.png'),
	(3, 'ivan@abv.bg', 'Ivan', 'Ivanov', '08615', '$2y$13$0wqxafOCQD2I8DOpTcKibeaCrQ8c./w.dEPMHZIG4XZZ1v/nRdGji', 1, '2014-01-01', '0a6a00edea2ac99563b3b020d7a718b1.png'),
	(4, 'anna@abv.bg', 'Anna', 'Ivanova', '1550220', '$2y$13$wdxI.0ifGUcwaMZ9Funnguo7qtIuHQtjZ5/YXiaRz8YWhLUD439G6', 1, '2014-01-01', '67710ff490b3032eb14a266426efa3c1.png'),
	(5, 'antonia@abv.bg', 'Antonia', 'Atanasova', '151303', '$2y$13$bROinfkxYB/J6D7maK35euDlzF6OgK4KbFi.87o0XUVIwF5nSF4Ha', 1, '2014-01-01', '730be5c23c48048daae9e8698ac6f0c0.png'),
	(6, 'pesho@abv.bg', 'Pesho', 'Peshev', '1151323', '$2y$13$nDLy/RqP9yQZdWJobO95B.Pkkz4h2j4YHoeM0dU4HYwWBMx6UW7EO', 1, '2014-01-01', 'f184cf54477bdfff200f5f9fa27c34f8.png'),
	(7, 'monika@abv.bg', 'Monika', 'Ivanova', '65165116', '$2y$13$3hT9oBxZ/tZPL7zJH3YtU.W24QI5g41sPvLe3/KHiGDNSMdDO2CXO', 1, '2014-01-01', '71be0d74e4df9b3fbdbb9298f2af9897.png'),
	(8, 'maria@abv.bg', 'Maria', 'Maria', '1561516', '$2y$13$fhiuhj4Rh7R1HO8ZwzeMNu.Lr.6SK8r/AF3j.Xih8.rhezGwyw/NG', 1, '2014-01-01', '38bdf5958de39ec6af4061d0341db2e7.png'),
	(9, 'stanislav@abv.bg', 'Stanko', 'Stanko', '1565161', '$2y$13$YgNRocKDIUvEYdwQDl3FL.PcPz24jEqGQTEE6/4uEglAoh6pjJ/Mm', 1, '2014-01-01', 'f234e0c9ef6875439c9f709ce9a35f06.png'),
	(10, 'davosss@abv.bg', 'David', 'Ivanov', '13215', '$2y$13$aZx9KtxsxjokW0Ytfo4y3emGIOkm3pYddezp8qp1kWvgdZKaLbW2u', 1, '2014-01-01', 'bbcac6069fde99691c9bf47ec56ba6fb.png'),
	(11, 'minko@abv.bg', 'Minko', 'Minkov', '1561', '$2y$13$ZLnVvtyyEbWl0UJZKYTxu.73EGfxUZ11WHyk9cwlpbl7P5IXApRgG', 1, '2014-01-01', '14fb4fcf65b24d0aebf12c417bb0b2b8.png'),
	(12, 'elena7518497@abv.bg', 'Elen', 'Koleva', '0861505', '$2y$13$EBjr2qzc5nGzhdr7MSwBQ..VGg3UiDRWRh4PvTHdvIW/J7BoI.yJG', 1, '0000-00-00', '38bdf5958de39ec6af4061d0341db2e7.png'),
	(13, 'elena96384947@abv.bg', 'Elen', 'Koleva', '0861505', '$2y$13$EBjr2qzc5nGzhdr7MSwBQ..VGg3UiDRWRh4PvTHdvIW/J7BoI.yJG', 1, '0000-00-00', '38bdf5958de39ec6af4061d0341db2e7.png'),
	(14, 'elena53324077@abv.bg', 'Elen', 'Koleva', '0861505', '$2y$13$EBjr2qzc5nGzhdr7MSwBQ..VGg3UiDRWRh4PvTHdvIW/J7BoI.yJG', 1, '0000-00-00', '38bdf5958de39ec6af4061d0341db2e7.png'),
	(15, 'elena95384562@abv.bg', 'Elen', 'Koleva', '0861505', '$2y$13$EBjr2qzc5nGzhdr7MSwBQ..VGg3UiDRWRh4PvTHdvIW/J7BoI.yJG', 1, '0000-00-00', '38bdf5958de39ec6af4061d0341db2e7.png'),
	(16, 'elena79514360@abv.bg', 'Elen', 'Koleva', '0861505', '$2y$13$EBjr2qzc5nGzhdr7MSwBQ..VGg3UiDRWRh4PvTHdvIW/J7BoI.yJG', 1, '0000-00-00', '38bdf5958de39ec6af4061d0341db2e7.png'),
	(17, 'elena2953020@abv.bg', 'Elen', 'Koleva', '0861505', '$2y$13$EBjr2qzc5nGzhdr7MSwBQ..VGg3UiDRWRh4PvTHdvIW/J7BoI.yJG', 1, '0000-00-00', '38bdf5958de39ec6af4061d0341db2e7.png'),
	(18, 'elena32329401@abv.bg', 'Elen', 'Koleva', '0861505', '$2y$13$EBjr2qzc5nGzhdr7MSwBQ..VGg3UiDRWRh4PvTHdvIW/J7BoI.yJG', 1, '0000-00-00', '38bdf5958de39ec6af4061d0341db2e7.png'),
	(19, 'elena20063821@abv.bg', 'Elen', 'Koleva', '0861505', '$2y$13$EBjr2qzc5nGzhdr7MSwBQ..VGg3UiDRWRh4PvTHdvIW/J7BoI.yJG', 1, '0000-00-00', '38bdf5958de39ec6af4061d0341db2e7.png'),
	(20, 'elena91794803@abv.bg', 'Elen', 'Koleva', '0861505', '$2y$13$EBjr2qzc5nGzhdr7MSwBQ..VGg3UiDRWRh4PvTHdvIW/J7BoI.yJG', 1, '0000-00-00', '38bdf5958de39ec6af4061d0341db2e7.png'),
	(21, 'elena65381200@abv.bg', 'Elen', 'Koleva', '0861505', '$2y$13$EBjr2qzc5nGzhdr7MSwBQ..VGg3UiDRWRh4PvTHdvIW/J7BoI.yJG', 1, '0000-00-00', '38bdf5958de39ec6af4061d0341db2e7.png'),
	(22, 'elena90586559@abv.bg', 'Elen', 'Koleva', '0861505', '$2y$13$EBjr2qzc5nGzhdr7MSwBQ..VGg3UiDRWRh4PvTHdvIW/J7BoI.yJG', 1, '0000-00-00', '38bdf5958de39ec6af4061d0341db2e7.png'),
	(23, 'elena39292592@abv.bg', 'Elen', 'Koleva', '0861505', '$2y$13$EBjr2qzc5nGzhdr7MSwBQ..VGg3UiDRWRh4PvTHdvIW/J7BoI.yJG', 1, '0000-00-00', '38bdf5958de39ec6af4061d0341db2e7.png'),
	(24, 'elena75113281@abv.bg', 'Elen', 'Koleva', '0861505', '$2y$13$EBjr2qzc5nGzhdr7MSwBQ..VGg3UiDRWRh4PvTHdvIW/J7BoI.yJG', 1, '0000-00-00', '38bdf5958de39ec6af4061d0341db2e7.png'),
	(25, 'elena49795359@abv.bg', 'Elen', 'Koleva', '0861505', '$2y$13$EBjr2qzc5nGzhdr7MSwBQ..VGg3UiDRWRh4PvTHdvIW/J7BoI.yJG', 1, '0000-00-00', '38bdf5958de39ec6af4061d0341db2e7.png'),
	(26, 'elena91231786@abv.bg', 'Elen', 'Koleva', '0861505', '$2y$13$EBjr2qzc5nGzhdr7MSwBQ..VGg3UiDRWRh4PvTHdvIW/J7BoI.yJG', 1, '0000-00-00', '38bdf5958de39ec6af4061d0341db2e7.png'),
	(27, 'elena81018597@abv.bg', 'Elen', 'Koleva', '0861505', '$2y$13$EBjr2qzc5nGzhdr7MSwBQ..VGg3UiDRWRh4PvTHdvIW/J7BoI.yJG', 1, '0000-00-00', '38bdf5958de39ec6af4061d0341db2e7.png'),
	(28, 'elena75686194@abv.bg', 'Elen', 'Koleva', '0861505', '$2y$13$EBjr2qzc5nGzhdr7MSwBQ..VGg3UiDRWRh4PvTHdvIW/J7BoI.yJG', 1, '0000-00-00', '38bdf5958de39ec6af4061d0341db2e7.png'),
	(29, 'elena45045896@abv.bg', 'Elen', 'Koleva', '0861505', '$2y$13$EBjr2qzc5nGzhdr7MSwBQ..VGg3UiDRWRh4PvTHdvIW/J7BoI.yJG', 1, '0000-00-00', '38bdf5958de39ec6af4061d0341db2e7.png'),
	(30, 'elena5316278@abv.bg', 'Elen', 'Koleva', '0861505', '$2y$13$EBjr2qzc5nGzhdr7MSwBQ..VGg3UiDRWRh4PvTHdvIW/J7BoI.yJG', 1, '0000-00-00', '38bdf5958de39ec6af4061d0341db2e7.png'),
	(31, 'elena61499733@abv.bg', 'Elen', 'Koleva', '0861505', '$2y$13$EBjr2qzc5nGzhdr7MSwBQ..VGg3UiDRWRh4PvTHdvIW/J7BoI.yJG', 1, '0000-00-00', '38bdf5958de39ec6af4061d0341db2e7.png'),
	(32, 'elena15774658@abv.bg', 'Elen', 'Koleva', '0861505', '$2y$13$EBjr2qzc5nGzhdr7MSwBQ..VGg3UiDRWRh4PvTHdvIW/J7BoI.yJG', 1, '0000-00-00', '38bdf5958de39ec6af4061d0341db2e7.png'),
	(33, 'elena44143843@abv.bg', 'Elen', 'Koleva', '0861505', '$2y$13$EBjr2qzc5nGzhdr7MSwBQ..VGg3UiDRWRh4PvTHdvIW/J7BoI.yJG', 1, '0000-00-00', '38bdf5958de39ec6af4061d0341db2e7.png'),
	(34, 'elena39694576@abv.bg', 'Elen', 'Koleva', '0861505', '$2y$13$EBjr2qzc5nGzhdr7MSwBQ..VGg3UiDRWRh4PvTHdvIW/J7BoI.yJG', 1, '0000-00-00', '38bdf5958de39ec6af4061d0341db2e7.png'),
	(35, 'elena7448299@abv.bg', 'Elen', 'Koleva', '0861505', '$2y$13$EBjr2qzc5nGzhdr7MSwBQ..VGg3UiDRWRh4PvTHdvIW/J7BoI.yJG', 1, '0000-00-00', '38bdf5958de39ec6af4061d0341db2e7.png'),
	(36, 'elena22045267@abv.bg', 'Elen', 'Koleva', '0861505', '$2y$13$EBjr2qzc5nGzhdr7MSwBQ..VGg3UiDRWRh4PvTHdvIW/J7BoI.yJG', 1, '0000-00-00', '38bdf5958de39ec6af4061d0341db2e7.png'),
	(37, 'elena24498679@abv.bg', 'Elen', 'Koleva', '0861505', '$2y$13$EBjr2qzc5nGzhdr7MSwBQ..VGg3UiDRWRh4PvTHdvIW/J7BoI.yJG', 1, '0000-00-00', '38bdf5958de39ec6af4061d0341db2e7.png'),
	(38, 'elena45702552@abv.bg', 'Elen', 'Koleva', '0861505', '$2y$13$EBjr2qzc5nGzhdr7MSwBQ..VGg3UiDRWRh4PvTHdvIW/J7BoI.yJG', 1, '0000-00-00', '38bdf5958de39ec6af4061d0341db2e7.png'),
	(39, 'elena75243583@abv.bg', 'Elen', 'Koleva', '0861505', '$2y$13$EBjr2qzc5nGzhdr7MSwBQ..VGg3UiDRWRh4PvTHdvIW/J7BoI.yJG', 1, '0000-00-00', '38bdf5958de39ec6af4061d0341db2e7.png'),
	(40, 'elena23985969@abv.bg', 'Elen', 'Koleva', '0861505', '$2y$13$EBjr2qzc5nGzhdr7MSwBQ..VGg3UiDRWRh4PvTHdvIW/J7BoI.yJG', 1, '0000-00-00', '38bdf5958de39ec6af4061d0341db2e7.png'),
	(41, 'elena87643076@abv.bg', 'Elen', 'Koleva', '0861505', '$2y$13$EBjr2qzc5nGzhdr7MSwBQ..VGg3UiDRWRh4PvTHdvIW/J7BoI.yJG', 1, '0000-00-00', '38bdf5958de39ec6af4061d0341db2e7.png'),
	(42, 'elena4602868@abv.bg', 'Elen', 'Koleva', '0861505', '$2y$13$EBjr2qzc5nGzhdr7MSwBQ..VGg3UiDRWRh4PvTHdvIW/J7BoI.yJG', 1, '0000-00-00', '38bdf5958de39ec6af4061d0341db2e7.png'),
	(43, 'elena63641090@abv.bg', 'Elen', 'Koleva', '0861505', '$2y$13$EBjr2qzc5nGzhdr7MSwBQ..VGg3UiDRWRh4PvTHdvIW/J7BoI.yJG', 1, '0000-00-00', '38bdf5958de39ec6af4061d0341db2e7.png'),
	(44, 'elena9221995@abv.bg', 'Elen', 'Koleva', '0861505', '$2y$13$EBjr2qzc5nGzhdr7MSwBQ..VGg3UiDRWRh4PvTHdvIW/J7BoI.yJG', 1, '0000-00-00', '38bdf5958de39ec6af4061d0341db2e7.png'),
	(45, 'elena40273218@abv.bg', 'Elen', 'Koleva', '0861505', '$2y$13$EBjr2qzc5nGzhdr7MSwBQ..VGg3UiDRWRh4PvTHdvIW/J7BoI.yJG', 1, '0000-00-00', '38bdf5958de39ec6af4061d0341db2e7.png'),
	(46, 'elena66123870@abv.bg', 'Elen', 'Koleva', '0861505', '$2y$13$EBjr2qzc5nGzhdr7MSwBQ..VGg3UiDRWRh4PvTHdvIW/J7BoI.yJG', 1, '0000-00-00', '38bdf5958de39ec6af4061d0341db2e7.png'),
	(47, 'elena98539671@abv.bg', 'Elen', 'Koleva', '0861505', '$2y$13$EBjr2qzc5nGzhdr7MSwBQ..VGg3UiDRWRh4PvTHdvIW/J7BoI.yJG', 1, '0000-00-00', '38bdf5958de39ec6af4061d0341db2e7.png'),
	(48, 'elena61102321@abv.bg', 'Elen', 'Koleva', '0861505', '$2y$13$EBjr2qzc5nGzhdr7MSwBQ..VGg3UiDRWRh4PvTHdvIW/J7BoI.yJG', 1, '0000-00-00', '38bdf5958de39ec6af4061d0341db2e7.png'),
	(49, 'elena72493842@abv.bg', 'Elen', 'Koleva', '0861505', '$2y$13$EBjr2qzc5nGzhdr7MSwBQ..VGg3UiDRWRh4PvTHdvIW/J7BoI.yJG', 1, '0000-00-00', '38bdf5958de39ec6af4061d0341db2e7.png'),
	(50, 'elena49256227@abv.bg', 'Elen', 'Koleva', '0861505', '$2y$13$EBjr2qzc5nGzhdr7MSwBQ..VGg3UiDRWRh4PvTHdvIW/J7BoI.yJG', 1, '0000-00-00', '38bdf5958de39ec6af4061d0341db2e7.png'),
	(51, 'elena81858615@abv.bg', 'Elen', 'Koleva', '0861505', '$2y$13$EBjr2qzc5nGzhdr7MSwBQ..VGg3UiDRWRh4PvTHdvIW/J7BoI.yJG', 1, '0000-00-00', '38bdf5958de39ec6af4061d0341db2e7.png'),
	(52, 'elena24066434@abv.bg', 'Elen', 'Koleva', '0861505', '$2y$13$EBjr2qzc5nGzhdr7MSwBQ..VGg3UiDRWRh4PvTHdvIW/J7BoI.yJG', 1, '0000-00-00', '38bdf5958de39ec6af4061d0341db2e7.png'),
	(53, 'elena4000678@abv.bg', 'Elen', 'Koleva', '0861505', '$2y$13$EBjr2qzc5nGzhdr7MSwBQ..VGg3UiDRWRh4PvTHdvIW/J7BoI.yJG', 1, '0000-00-00', '38bdf5958de39ec6af4061d0341db2e7.png'),
	(54, 'elena51985878@abv.bg', 'Elen', 'Koleva', '0861505', '$2y$13$EBjr2qzc5nGzhdr7MSwBQ..VGg3UiDRWRh4PvTHdvIW/J7BoI.yJG', 1, '0000-00-00', '38bdf5958de39ec6af4061d0341db2e7.png'),
	(55, 'elena6081862@abv.bg', 'Elen', 'Koleva', '0861505', '$2y$13$EBjr2qzc5nGzhdr7MSwBQ..VGg3UiDRWRh4PvTHdvIW/J7BoI.yJG', 1, '0000-00-00', '38bdf5958de39ec6af4061d0341db2e7.png'),
	(56, 'elena55176706@abv.bg', 'Elen', 'Koleva', '0861505', '$2y$13$EBjr2qzc5nGzhdr7MSwBQ..VGg3UiDRWRh4PvTHdvIW/J7BoI.yJG', 1, '0000-00-00', '38bdf5958de39ec6af4061d0341db2e7.png'),
	(57, 'elena46814006@abv.bg', 'Elen', 'Koleva', '0861505', '$2y$13$EBjr2qzc5nGzhdr7MSwBQ..VGg3UiDRWRh4PvTHdvIW/J7BoI.yJG', 1, '0000-00-00', '38bdf5958de39ec6af4061d0341db2e7.png'),
	(58, 'elena95426637@abv.bg', 'Elen', 'Koleva', '0861505', '$2y$13$EBjr2qzc5nGzhdr7MSwBQ..VGg3UiDRWRh4PvTHdvIW/J7BoI.yJG', 1, '0000-00-00', '38bdf5958de39ec6af4061d0341db2e7.png'),
	(59, 'elena20817074@abv.bg', 'Elen', 'Koleva', '0861505', '$2y$13$EBjr2qzc5nGzhdr7MSwBQ..VGg3UiDRWRh4PvTHdvIW/J7BoI.yJG', 1, '0000-00-00', '38bdf5958de39ec6af4061d0341db2e7.png'),
	(60, 'elena91864555@abv.bg', 'Elen', 'Koleva', '0861505', '$2y$13$EBjr2qzc5nGzhdr7MSwBQ..VGg3UiDRWRh4PvTHdvIW/J7BoI.yJG', 1, '0000-00-00', '38bdf5958de39ec6af4061d0341db2e7.png'),
	(61, 'elena50243701@abv.bg', 'Elen', 'Koleva', '0861505', '$2y$13$EBjr2qzc5nGzhdr7MSwBQ..VGg3UiDRWRh4PvTHdvIW/J7BoI.yJG', 1, '0000-00-00', '38bdf5958de39ec6af4061d0341db2e7.png'),
	(62, 'elena48025952@abv.bg', 'Elen', 'Koleva', '0861505', '$2y$13$EBjr2qzc5nGzhdr7MSwBQ..VGg3UiDRWRh4PvTHdvIW/J7BoI.yJG', 1, '0000-00-00', '38bdf5958de39ec6af4061d0341db2e7.png'),
	(63, 'elena17858301@abv.bg', 'Elen', 'Koleva', '0861505', '$2y$13$EBjr2qzc5nGzhdr7MSwBQ..VGg3UiDRWRh4PvTHdvIW/J7BoI.yJG', 1, '0000-00-00', '38bdf5958de39ec6af4061d0341db2e7.png'),
	(64, 'elena90844576@abv.bg', 'Elen', 'Koleva', '0861505', '$2y$13$EBjr2qzc5nGzhdr7MSwBQ..VGg3UiDRWRh4PvTHdvIW/J7BoI.yJG', 1, '0000-00-00', '38bdf5958de39ec6af4061d0341db2e7.png'),
	(65, 'elena88578608@abv.bg', 'Elen', 'Koleva', '0861505', '$2y$13$EBjr2qzc5nGzhdr7MSwBQ..VGg3UiDRWRh4PvTHdvIW/J7BoI.yJG', 1, '0000-00-00', '38bdf5958de39ec6af4061d0341db2e7.png'),
	(66, 'elena45628522@abv.bg', 'Elen', 'Koleva', '0861505', '$2y$13$EBjr2qzc5nGzhdr7MSwBQ..VGg3UiDRWRh4PvTHdvIW/J7BoI.yJG', 1, '0000-00-00', '38bdf5958de39ec6af4061d0341db2e7.png'),
	(67, 'elena10893293@abv.bg', 'Elen', 'Koleva', '0861505', '$2y$13$EBjr2qzc5nGzhdr7MSwBQ..VGg3UiDRWRh4PvTHdvIW/J7BoI.yJG', 1, '0000-00-00', '38bdf5958de39ec6af4061d0341db2e7.png'),
	(68, 'elena81356600@abv.bg', 'Elen', 'Koleva', '0861505', '$2y$13$EBjr2qzc5nGzhdr7MSwBQ..VGg3UiDRWRh4PvTHdvIW/J7BoI.yJG', 1, '0000-00-00', '38bdf5958de39ec6af4061d0341db2e7.png'),
	(69, 'elena3736911@abv.bg', 'Elen', 'Koleva', '0861505', '$2y$13$EBjr2qzc5nGzhdr7MSwBQ..VGg3UiDRWRh4PvTHdvIW/J7BoI.yJG', 1, '0000-00-00', '38bdf5958de39ec6af4061d0341db2e7.png'),
	(70, 'elena89337793@abv.bg', 'Elen', 'Koleva', '0861505', '$2y$13$EBjr2qzc5nGzhdr7MSwBQ..VGg3UiDRWRh4PvTHdvIW/J7BoI.yJG', 1, '0000-00-00', '38bdf5958de39ec6af4061d0341db2e7.png'),
	(71, 'elena62944080@abv.bg', 'Elen', 'Koleva', '0861505', '$2y$13$EBjr2qzc5nGzhdr7MSwBQ..VGg3UiDRWRh4PvTHdvIW/J7BoI.yJG', 1, '0000-00-00', '38bdf5958de39ec6af4061d0341db2e7.png'),
	(72, 'elena15445007@abv.bg', 'Elen', 'Koleva', '0861505', '$2y$13$EBjr2qzc5nGzhdr7MSwBQ..VGg3UiDRWRh4PvTHdvIW/J7BoI.yJG', 1, '0000-00-00', '38bdf5958de39ec6af4061d0341db2e7.png'),
	(73, 'elena61347582@abv.bg', 'Elen', 'Koleva', '0861505', '$2y$13$EBjr2qzc5nGzhdr7MSwBQ..VGg3UiDRWRh4PvTHdvIW/J7BoI.yJG', 1, '0000-00-00', '38bdf5958de39ec6af4061d0341db2e7.png'),
	(74, 'elena46171380@abv.bg', 'Elen', 'Koleva', '0861505', '$2y$13$EBjr2qzc5nGzhdr7MSwBQ..VGg3UiDRWRh4PvTHdvIW/J7BoI.yJG', 1, '0000-00-00', '38bdf5958de39ec6af4061d0341db2e7.png'),
	(75, 'elena4288677@abv.bg', 'Elen', 'Koleva', '0861505', '$2y$13$EBjr2qzc5nGzhdr7MSwBQ..VGg3UiDRWRh4PvTHdvIW/J7BoI.yJG', 1, '0000-00-00', '38bdf5958de39ec6af4061d0341db2e7.png'),
	(76, 'elena4992307@abv.bg', 'Elen', 'Koleva', '0861505', '$2y$13$EBjr2qzc5nGzhdr7MSwBQ..VGg3UiDRWRh4PvTHdvIW/J7BoI.yJG', 1, '0000-00-00', '38bdf5958de39ec6af4061d0341db2e7.png'),
	(77, 'elena61832522@abv.bg', 'Elen', 'Koleva', '0861505', '$2y$13$EBjr2qzc5nGzhdr7MSwBQ..VGg3UiDRWRh4PvTHdvIW/J7BoI.yJG', 1, '0000-00-00', '38bdf5958de39ec6af4061d0341db2e7.png'),
	(78, 'elena8198326@abv.bg', 'Elen', 'Koleva', '0861505', '$2y$13$EBjr2qzc5nGzhdr7MSwBQ..VGg3UiDRWRh4PvTHdvIW/J7BoI.yJG', 1, '0000-00-00', '38bdf5958de39ec6af4061d0341db2e7.png'),
	(79, 'elena3578580@abv.bg', 'Elen', 'Koleva', '0861505', '$2y$13$EBjr2qzc5nGzhdr7MSwBQ..VGg3UiDRWRh4PvTHdvIW/J7BoI.yJG', 1, '0000-00-00', '38bdf5958de39ec6af4061d0341db2e7.png'),
	(80, 'elena44539447@abv.bg', 'Elen', 'Koleva', '0861505', '$2y$13$EBjr2qzc5nGzhdr7MSwBQ..VGg3UiDRWRh4PvTHdvIW/J7BoI.yJG', 1, '0000-00-00', '38bdf5958de39ec6af4061d0341db2e7.png'),
	(81, 'elena76402095@abv.bg', 'Elen', 'Koleva', '0861505', '$2y$13$EBjr2qzc5nGzhdr7MSwBQ..VGg3UiDRWRh4PvTHdvIW/J7BoI.yJG', 1, '0000-00-00', '38bdf5958de39ec6af4061d0341db2e7.png'),
	(82, 'elena11278775@abv.bg', 'Elen', 'Koleva', '0861505', '$2y$13$EBjr2qzc5nGzhdr7MSwBQ..VGg3UiDRWRh4PvTHdvIW/J7BoI.yJG', 1, '0000-00-00', '38bdf5958de39ec6af4061d0341db2e7.png'),
	(83, 'elena83336503@abv.bg', 'Elen', 'Koleva', '0861505', '$2y$13$EBjr2qzc5nGzhdr7MSwBQ..VGg3UiDRWRh4PvTHdvIW/J7BoI.yJG', 1, '0000-00-00', '38bdf5958de39ec6af4061d0341db2e7.png'),
	(84, 'elena62877873@abv.bg', 'Elen', 'Koleva', '0861505', '$2y$13$EBjr2qzc5nGzhdr7MSwBQ..VGg3UiDRWRh4PvTHdvIW/J7BoI.yJG', 1, '0000-00-00', '38bdf5958de39ec6af4061d0341db2e7.png'),
	(85, 'elena50393300@abv.bg', 'Elen', 'Koleva', '0861505', '$2y$13$EBjr2qzc5nGzhdr7MSwBQ..VGg3UiDRWRh4PvTHdvIW/J7BoI.yJG', 1, '0000-00-00', '38bdf5958de39ec6af4061d0341db2e7.png'),
	(86, 'elena25833786@abv.bg', 'Elen', 'Koleva', '0861505', '$2y$13$EBjr2qzc5nGzhdr7MSwBQ..VGg3UiDRWRh4PvTHdvIW/J7BoI.yJG', 1, '0000-00-00', '38bdf5958de39ec6af4061d0341db2e7.png'),
	(87, 'elena94319659@abv.bg', 'Elen', 'Koleva', '0861505', '$2y$13$EBjr2qzc5nGzhdr7MSwBQ..VGg3UiDRWRh4PvTHdvIW/J7BoI.yJG', 1, '0000-00-00', '38bdf5958de39ec6af4061d0341db2e7.png'),
	(88, 'elena78502541@abv.bg', 'Elen', 'Koleva', '0861505', '$2y$13$EBjr2qzc5nGzhdr7MSwBQ..VGg3UiDRWRh4PvTHdvIW/J7BoI.yJG', 1, '0000-00-00', '38bdf5958de39ec6af4061d0341db2e7.png'),
	(89, 'elena6606171@abv.bg', 'Elen', 'Koleva', '0861505', '$2y$13$EBjr2qzc5nGzhdr7MSwBQ..VGg3UiDRWRh4PvTHdvIW/J7BoI.yJG', 1, '0000-00-00', '38bdf5958de39ec6af4061d0341db2e7.png'),
	(90, 'elena55381047@abv.bg', 'Elen', 'Koleva', '0861505', '$2y$13$EBjr2qzc5nGzhdr7MSwBQ..VGg3UiDRWRh4PvTHdvIW/J7BoI.yJG', 1, '0000-00-00', '38bdf5958de39ec6af4061d0341db2e7.png'),
	(91, 'elena2975969@abv.bg', 'Elen', 'Koleva', '0861505', '$2y$13$EBjr2qzc5nGzhdr7MSwBQ..VGg3UiDRWRh4PvTHdvIW/J7BoI.yJG', 1, '0000-00-00', '38bdf5958de39ec6af4061d0341db2e7.png'),
	(92, 'elena94723587@abv.bg', 'Elen', 'Koleva', '0861505', '$2y$13$EBjr2qzc5nGzhdr7MSwBQ..VGg3UiDRWRh4PvTHdvIW/J7BoI.yJG', 1, '0000-00-00', '38bdf5958de39ec6af4061d0341db2e7.png'),
	(93, 'elena32856972@abv.bg', 'Elen', 'Koleva', '0861505', '$2y$13$EBjr2qzc5nGzhdr7MSwBQ..VGg3UiDRWRh4PvTHdvIW/J7BoI.yJG', 1, '0000-00-00', '38bdf5958de39ec6af4061d0341db2e7.png'),
	(94, 'elena69193386@abv.bg', 'Elen', 'Koleva', '0861505', '$2y$13$EBjr2qzc5nGzhdr7MSwBQ..VGg3UiDRWRh4PvTHdvIW/J7BoI.yJG', 1, '0000-00-00', '38bdf5958de39ec6af4061d0341db2e7.png'),
	(95, 'elena64019952@abv.bg', 'Elen', 'Koleva', '0861505', '$2y$13$EBjr2qzc5nGzhdr7MSwBQ..VGg3UiDRWRh4PvTHdvIW/J7BoI.yJG', 1, '0000-00-00', '38bdf5958de39ec6af4061d0341db2e7.png'),
	(96, 'elena66146327@abv.bg', 'Elen', 'Koleva', '0861505', '$2y$13$EBjr2qzc5nGzhdr7MSwBQ..VGg3UiDRWRh4PvTHdvIW/J7BoI.yJG', 1, '0000-00-00', '38bdf5958de39ec6af4061d0341db2e7.png'),
	(97, 'elena25565627@abv.bg', 'Elen', 'Koleva', '0861505', '$2y$13$EBjr2qzc5nGzhdr7MSwBQ..VGg3UiDRWRh4PvTHdvIW/J7BoI.yJG', 1, '0000-00-00', '38bdf5958de39ec6af4061d0341db2e7.png'),
	(98, 'elena84209665@abv.bg', 'Elen', 'Koleva', '0861505', '$2y$13$EBjr2qzc5nGzhdr7MSwBQ..VGg3UiDRWRh4PvTHdvIW/J7BoI.yJG', 1, '0000-00-00', '38bdf5958de39ec6af4061d0341db2e7.png'),
	(99, 'elena59771285@abv.bg', 'Elen', 'Koleva', '0861505', '$2y$13$EBjr2qzc5nGzhdr7MSwBQ..VGg3UiDRWRh4PvTHdvIW/J7BoI.yJG', 1, '0000-00-00', '38bdf5958de39ec6af4061d0341db2e7.png'),
	(100, 'elena31552720@abv.bg', 'Elen', 'Koleva', '0861505', '$2y$13$EBjr2qzc5nGzhdr7MSwBQ..VGg3UiDRWRh4PvTHdvIW/J7BoI.yJG', 1, '0000-00-00', '38bdf5958de39ec6af4061d0341db2e7.png'),
	(101, 'elena32787368@abv.bg', 'Elen', 'Koleva', '0861505', '$2y$13$EBjr2qzc5nGzhdr7MSwBQ..VGg3UiDRWRh4PvTHdvIW/J7BoI.yJG', 1, '0000-00-00', '38bdf5958de39ec6af4061d0341db2e7.png'),
	(102, 'elena9534117@abv.bg', 'Elen', 'Koleva', '0861505', '$2y$13$EBjr2qzc5nGzhdr7MSwBQ..VGg3UiDRWRh4PvTHdvIW/J7BoI.yJG', 1, '0000-00-00', '38bdf5958de39ec6af4061d0341db2e7.png'),
	(103, 'elena2661840@abv.bg', 'Elen', 'Koleva', '0861505', '$2y$13$EBjr2qzc5nGzhdr7MSwBQ..VGg3UiDRWRh4PvTHdvIW/J7BoI.yJG', 1, '0000-00-00', '38bdf5958de39ec6af4061d0341db2e7.png'),
	(104, 'elena23723054@abv.bg', 'Elen', 'Koleva', '0861505', '$2y$13$EBjr2qzc5nGzhdr7MSwBQ..VGg3UiDRWRh4PvTHdvIW/J7BoI.yJG', 1, '0000-00-00', '38bdf5958de39ec6af4061d0341db2e7.png'),
	(105, 'elena48423321@abv.bg', 'Elen', 'Koleva', '0861505', '$2y$13$EBjr2qzc5nGzhdr7MSwBQ..VGg3UiDRWRh4PvTHdvIW/J7BoI.yJG', 1, '0000-00-00', '38bdf5958de39ec6af4061d0341db2e7.png'),
	(106, 'elena23353171@abv.bg', 'Elen', 'Koleva', '0861505', '$2y$13$EBjr2qzc5nGzhdr7MSwBQ..VGg3UiDRWRh4PvTHdvIW/J7BoI.yJG', 1, '0000-00-00', '38bdf5958de39ec6af4061d0341db2e7.png'),
	(107, 'elena22906868@abv.bg', 'Elen', 'Koleva', '0861505', '$2y$13$EBjr2qzc5nGzhdr7MSwBQ..VGg3UiDRWRh4PvTHdvIW/J7BoI.yJG', 1, '0000-00-00', '38bdf5958de39ec6af4061d0341db2e7.png'),
	(108, 'elena6792290@abv.bg', 'Elen', 'Koleva', '0861505', '$2y$13$EBjr2qzc5nGzhdr7MSwBQ..VGg3UiDRWRh4PvTHdvIW/J7BoI.yJG', 1, '0000-00-00', '38bdf5958de39ec6af4061d0341db2e7.png'),
	(109, 'elena18637911@abv.bg', 'Elen', 'Koleva', '0861505', '$2y$13$EBjr2qzc5nGzhdr7MSwBQ..VGg3UiDRWRh4PvTHdvIW/J7BoI.yJG', 1, '0000-00-00', '38bdf5958de39ec6af4061d0341db2e7.png'),
	(110, 'elena7932780@abv.bg', 'Elen', 'Koleva', '0861505', '$2y$13$EBjr2qzc5nGzhdr7MSwBQ..VGg3UiDRWRh4PvTHdvIW/J7BoI.yJG', 1, '0000-00-00', '38bdf5958de39ec6af4061d0341db2e7.png'),
	(111, 'elena6158014@abv.bg', 'Elen', 'Koleva', '0861505', '$2y$13$EBjr2qzc5nGzhdr7MSwBQ..VGg3UiDRWRh4PvTHdvIW/J7BoI.yJG', 1, '0000-00-00', '38bdf5958de39ec6af4061d0341db2e7.png'),
	(112, 'elena87918168@abv.bg', 'Elen', 'Koleva', '0861505', '$2y$13$EBjr2qzc5nGzhdr7MSwBQ..VGg3UiDRWRh4PvTHdvIW/J7BoI.yJG', 1, '0000-00-00', '38bdf5958de39ec6af4061d0341db2e7.png'),
	(113, 'elena50176466@abv.bg', 'Elen', 'Koleva', '0861505', '$2y$13$EBjr2qzc5nGzhdr7MSwBQ..VGg3UiDRWRh4PvTHdvIW/J7BoI.yJG', 1, '0000-00-00', '38bdf5958de39ec6af4061d0341db2e7.png'),
	(114, 'elena95713611@abv.bg', 'Elen', 'Koleva', '0861505', '$2y$13$EBjr2qzc5nGzhdr7MSwBQ..VGg3UiDRWRh4PvTHdvIW/J7BoI.yJG', 1, '0000-00-00', '38bdf5958de39ec6af4061d0341db2e7.png'),
	(115, 'elena38472264@abv.bg', 'Elen', 'Koleva', '0861505', '$2y$13$EBjr2qzc5nGzhdr7MSwBQ..VGg3UiDRWRh4PvTHdvIW/J7BoI.yJG', 1, '0000-00-00', '38bdf5958de39ec6af4061d0341db2e7.png'),
	(116, 'elena53234437@abv.bg', 'Elen', 'Koleva', '0861505', '$2y$13$EBjr2qzc5nGzhdr7MSwBQ..VGg3UiDRWRh4PvTHdvIW/J7BoI.yJG', 1, '0000-00-00', '38bdf5958de39ec6af4061d0341db2e7.png'),
	(117, 'elena56388871@abv.bg', 'Elen', 'Koleva', '0861505', '$2y$13$EBjr2qzc5nGzhdr7MSwBQ..VGg3UiDRWRh4PvTHdvIW/J7BoI.yJG', 1, '0000-00-00', '38bdf5958de39ec6af4061d0341db2e7.png'),
	(118, 'elena48436579@abv.bg', 'Elen', 'Koleva', '0861505', '$2y$13$EBjr2qzc5nGzhdr7MSwBQ..VGg3UiDRWRh4PvTHdvIW/J7BoI.yJG', 1, '0000-00-00', '38bdf5958de39ec6af4061d0341db2e7.png'),
	(119, 'elena28705764@abv.bg', 'Elen', 'Koleva', '0861505', '$2y$13$EBjr2qzc5nGzhdr7MSwBQ..VGg3UiDRWRh4PvTHdvIW/J7BoI.yJG', 1, '0000-00-00', '38bdf5958de39ec6af4061d0341db2e7.png'),
	(120, 'elena38836562@abv.bg', 'Elen', 'Koleva', '0861505', '$2y$13$EBjr2qzc5nGzhdr7MSwBQ..VGg3UiDRWRh4PvTHdvIW/J7BoI.yJG', 1, '0000-00-00', '38bdf5958de39ec6af4061d0341db2e7.png'),
	(121, 'elena80191125@abv.bg', 'Elen', 'Koleva', '0861505', '$2y$13$EBjr2qzc5nGzhdr7MSwBQ..VGg3UiDRWRh4PvTHdvIW/J7BoI.yJG', 1, '0000-00-00', '38bdf5958de39ec6af4061d0341db2e7.png'),
	(122, 'elena14429174@abv.bg', 'Elen', 'Koleva', '0861505', '$2y$13$EBjr2qzc5nGzhdr7MSwBQ..VGg3UiDRWRh4PvTHdvIW/J7BoI.yJG', 1, '0000-00-00', '38bdf5958de39ec6af4061d0341db2e7.png'),
	(123, 'elena5515570@abv.bg', 'Elen', 'Koleva', '0861505', '$2y$13$EBjr2qzc5nGzhdr7MSwBQ..VGg3UiDRWRh4PvTHdvIW/J7BoI.yJG', 1, '0000-00-00', '38bdf5958de39ec6af4061d0341db2e7.png'),
	(124, 'elena91197632@abv.bg', 'Elen', 'Koleva', '0861505', '$2y$13$EBjr2qzc5nGzhdr7MSwBQ..VGg3UiDRWRh4PvTHdvIW/J7BoI.yJG', 1, '0000-00-00', '38bdf5958de39ec6af4061d0341db2e7.png'),
	(125, 'elena98358991@abv.bg', 'Elen', 'Koleva', '0861505', '$2y$13$EBjr2qzc5nGzhdr7MSwBQ..VGg3UiDRWRh4PvTHdvIW/J7BoI.yJG', 1, '0000-00-00', '38bdf5958de39ec6af4061d0341db2e7.png'),
	(126, 'elena74628366@abv.bg', 'Elen', 'Koleva', '0861505', '$2y$13$EBjr2qzc5nGzhdr7MSwBQ..VGg3UiDRWRh4PvTHdvIW/J7BoI.yJG', 1, '0000-00-00', '38bdf5958de39ec6af4061d0341db2e7.png'),
	(127, 'elena75048219@abv.bg', 'Elen', 'Koleva', '0861505', '$2y$13$EBjr2qzc5nGzhdr7MSwBQ..VGg3UiDRWRh4PvTHdvIW/J7BoI.yJG', 1, '0000-00-00', '38bdf5958de39ec6af4061d0341db2e7.png'),
	(128, 'elena79392205@abv.bg', 'Elen', 'Koleva', '0861505', '$2y$13$EBjr2qzc5nGzhdr7MSwBQ..VGg3UiDRWRh4PvTHdvIW/J7BoI.yJG', 1, '0000-00-00', '38bdf5958de39ec6af4061d0341db2e7.png'),
	(129, 'elena96819449@abv.bg', 'Elen', 'Koleva', '0861505', '$2y$13$EBjr2qzc5nGzhdr7MSwBQ..VGg3UiDRWRh4PvTHdvIW/J7BoI.yJG', 1, '0000-00-00', '38bdf5958de39ec6af4061d0341db2e7.png'),
	(130, 'elena96102157@abv.bg', 'Elen', 'Koleva', '0861505', '$2y$13$EBjr2qzc5nGzhdr7MSwBQ..VGg3UiDRWRh4PvTHdvIW/J7BoI.yJG', 1, '0000-00-00', '38bdf5958de39ec6af4061d0341db2e7.png'),
	(131, 'elena26225759@abv.bg', 'Elen', 'Koleva', '0861505', '$2y$13$EBjr2qzc5nGzhdr7MSwBQ..VGg3UiDRWRh4PvTHdvIW/J7BoI.yJG', 1, '0000-00-00', '38bdf5958de39ec6af4061d0341db2e7.png'),
	(132, 'elena84054793@abv.bg', 'Elen', 'Koleva', '0861505', '$2y$13$EBjr2qzc5nGzhdr7MSwBQ..VGg3UiDRWRh4PvTHdvIW/J7BoI.yJG', 1, '0000-00-00', '38bdf5958de39ec6af4061d0341db2e7.png'),
	(133, 'elena73067810@abv.bg', 'Elen', 'Koleva', '0861505', '$2y$13$EBjr2qzc5nGzhdr7MSwBQ..VGg3UiDRWRh4PvTHdvIW/J7BoI.yJG', 1, '0000-00-00', '38bdf5958de39ec6af4061d0341db2e7.png'),
	(134, 'elena34067684@abv.bg', 'Elen', 'Koleva', '0861505', '$2y$13$EBjr2qzc5nGzhdr7MSwBQ..VGg3UiDRWRh4PvTHdvIW/J7BoI.yJG', 1, '0000-00-00', '38bdf5958de39ec6af4061d0341db2e7.png'),
	(135, 'elena26906401@abv.bg', 'Elen', 'Koleva', '0861505', '$2y$13$EBjr2qzc5nGzhdr7MSwBQ..VGg3UiDRWRh4PvTHdvIW/J7BoI.yJG', 1, '0000-00-00', '38bdf5958de39ec6af4061d0341db2e7.png'),
	(136, 'elena56243770@abv.bg', 'Elen', 'Koleva', '0861505', '$2y$13$EBjr2qzc5nGzhdr7MSwBQ..VGg3UiDRWRh4PvTHdvIW/J7BoI.yJG', 1, '0000-00-00', '38bdf5958de39ec6af4061d0341db2e7.png'),
	(137, 'elena54717096@abv.bg', 'Elen', 'Koleva', '0861505', '$2y$13$EBjr2qzc5nGzhdr7MSwBQ..VGg3UiDRWRh4PvTHdvIW/J7BoI.yJG', 1, '0000-00-00', '38bdf5958de39ec6af4061d0341db2e7.png'),
	(138, 'elena219942@abv.bg', 'Elen', 'Koleva', '0861505', '$2y$13$EBjr2qzc5nGzhdr7MSwBQ..VGg3UiDRWRh4PvTHdvIW/J7BoI.yJG', 1, '0000-00-00', '38bdf5958de39ec6af4061d0341db2e7.png'),
	(139, 'elena9902832@abv.bg', 'Elen', 'Koleva', '0861505', '$2y$13$EBjr2qzc5nGzhdr7MSwBQ..VGg3UiDRWRh4PvTHdvIW/J7BoI.yJG', 1, '0000-00-00', '38bdf5958de39ec6af4061d0341db2e7.png'),
	(140, 'elena62281759@abv.bg', 'Elen', 'Koleva', '0861505', '$2y$13$EBjr2qzc5nGzhdr7MSwBQ..VGg3UiDRWRh4PvTHdvIW/J7BoI.yJG', 1, '0000-00-00', '38bdf5958de39ec6af4061d0341db2e7.png'),
	(141, 'elena91869560@abv.bg', 'Elen', 'Koleva', '0861505', '$2y$13$EBjr2qzc5nGzhdr7MSwBQ..VGg3UiDRWRh4PvTHdvIW/J7BoI.yJG', 1, '0000-00-00', '38bdf5958de39ec6af4061d0341db2e7.png'),
	(142, 'elena29306783@abv.bg', 'Elen', 'Koleva', '0861505', '$2y$13$EBjr2qzc5nGzhdr7MSwBQ..VGg3UiDRWRh4PvTHdvIW/J7BoI.yJG', 1, '0000-00-00', '38bdf5958de39ec6af4061d0341db2e7.png'),
	(143, 'elena48222771@abv.bg', 'Elen', 'Koleva', '0861505', '$2y$13$EBjr2qzc5nGzhdr7MSwBQ..VGg3UiDRWRh4PvTHdvIW/J7BoI.yJG', 1, '0000-00-00', '38bdf5958de39ec6af4061d0341db2e7.png'),
	(144, 'elena68214355@abv.bg', 'Elen', 'Koleva', '0861505', '$2y$13$EBjr2qzc5nGzhdr7MSwBQ..VGg3UiDRWRh4PvTHdvIW/J7BoI.yJG', 1, '0000-00-00', '38bdf5958de39ec6af4061d0341db2e7.png'),
	(145, 'elena29275335@abv.bg', 'Elen', 'Koleva', '0861505', '$2y$13$EBjr2qzc5nGzhdr7MSwBQ..VGg3UiDRWRh4PvTHdvIW/J7BoI.yJG', 1, '0000-00-00', '38bdf5958de39ec6af4061d0341db2e7.png'),
	(146, 'elena44141046@abv.bg', 'Elen', 'Koleva', '0861505', '$2y$13$EBjr2qzc5nGzhdr7MSwBQ..VGg3UiDRWRh4PvTHdvIW/J7BoI.yJG', 1, '0000-00-00', '38bdf5958de39ec6af4061d0341db2e7.png'),
	(147, 'elena93248594@abv.bg', 'Elen', 'Koleva', '0861505', '$2y$13$EBjr2qzc5nGzhdr7MSwBQ..VGg3UiDRWRh4PvTHdvIW/J7BoI.yJG', 1, '0000-00-00', '38bdf5958de39ec6af4061d0341db2e7.png'),
	(148, 'elena21516708@abv.bg', 'Elen', 'Koleva', '0861505', '$2y$13$EBjr2qzc5nGzhdr7MSwBQ..VGg3UiDRWRh4PvTHdvIW/J7BoI.yJG', 1, '0000-00-00', '38bdf5958de39ec6af4061d0341db2e7.png'),
	(149, 'elena84441399@abv.bg', 'Elen', 'Koleva', '0861505', '$2y$13$EBjr2qzc5nGzhdr7MSwBQ..VGg3UiDRWRh4PvTHdvIW/J7BoI.yJG', 1, '0000-00-00', '38bdf5958de39ec6af4061d0341db2e7.png'),
	(150, 'elena8678305@abv.bg', 'Elen', 'Koleva', '0861505', '$2y$13$EBjr2qzc5nGzhdr7MSwBQ..VGg3UiDRWRh4PvTHdvIW/J7BoI.yJG', 1, '0000-00-00', '38bdf5958de39ec6af4061d0341db2e7.png'),
	(151, 'elena668713@abv.bg', 'Elen', 'Koleva', '0861505', '$2y$13$EBjr2qzc5nGzhdr7MSwBQ..VGg3UiDRWRh4PvTHdvIW/J7BoI.yJG', 1, '0000-00-00', '38bdf5958de39ec6af4061d0341db2e7.png'),
	(152, 'elena92933909@abv.bg', 'Elen', 'Koleva', '0861505', '$2y$13$EBjr2qzc5nGzhdr7MSwBQ..VGg3UiDRWRh4PvTHdvIW/J7BoI.yJG', 1, '0000-00-00', '38bdf5958de39ec6af4061d0341db2e7.png'),
	(153, 'elena63735705@abv.bg', 'Elen', 'Koleva', '0861505', '$2y$13$EBjr2qzc5nGzhdr7MSwBQ..VGg3UiDRWRh4PvTHdvIW/J7BoI.yJG', 1, '0000-00-00', '38bdf5958de39ec6af4061d0341db2e7.png'),
	(154, 'elena58631434@abv.bg', 'Elen', 'Koleva', '0861505', '$2y$13$EBjr2qzc5nGzhdr7MSwBQ..VGg3UiDRWRh4PvTHdvIW/J7BoI.yJG', 1, '0000-00-00', '38bdf5958de39ec6af4061d0341db2e7.png'),
	(155, 'elena63201420@abv.bg', 'Elen', 'Koleva', '0861505', '$2y$13$EBjr2qzc5nGzhdr7MSwBQ..VGg3UiDRWRh4PvTHdvIW/J7BoI.yJG', 1, '0000-00-00', '38bdf5958de39ec6af4061d0341db2e7.png'),
	(156, 'elena65614840@abv.bg', 'Elen', 'Koleva', '0861505', '$2y$13$EBjr2qzc5nGzhdr7MSwBQ..VGg3UiDRWRh4PvTHdvIW/J7BoI.yJG', 1, '0000-00-00', '38bdf5958de39ec6af4061d0341db2e7.png'),
	(157, 'elena34348609@abv.bg', 'Elen', 'Koleva', '0861505', '$2y$13$EBjr2qzc5nGzhdr7MSwBQ..VGg3UiDRWRh4PvTHdvIW/J7BoI.yJG', 1, '0000-00-00', '38bdf5958de39ec6af4061d0341db2e7.png'),
	(158, 'elena9299916@abv.bg', 'Elen', 'Koleva', '0861505', '$2y$13$EBjr2qzc5nGzhdr7MSwBQ..VGg3UiDRWRh4PvTHdvIW/J7BoI.yJG', 1, '0000-00-00', '38bdf5958de39ec6af4061d0341db2e7.png'),
	(159, 'elena44755395@abv.bg', 'Elen', 'Koleva', '0861505', '$2y$13$EBjr2qzc5nGzhdr7MSwBQ..VGg3UiDRWRh4PvTHdvIW/J7BoI.yJG', 1, '0000-00-00', '38bdf5958de39ec6af4061d0341db2e7.png'),
	(160, 'elena3232213@abv.bg', 'Elen', 'Koleva', '0861505', '$2y$13$EBjr2qzc5nGzhdr7MSwBQ..VGg3UiDRWRh4PvTHdvIW/J7BoI.yJG', 1, '0000-00-00', '38bdf5958de39ec6af4061d0341db2e7.png'),
	(161, 'elena17196218@abv.bg', 'Elen', 'Koleva', '0861505', '$2y$13$EBjr2qzc5nGzhdr7MSwBQ..VGg3UiDRWRh4PvTHdvIW/J7BoI.yJG', 1, '0000-00-00', '38bdf5958de39ec6af4061d0341db2e7.png'),
	(162, 'elena2644611@abv.bg', 'Elen', 'Koleva', '0861505', '$2y$13$EBjr2qzc5nGzhdr7MSwBQ..VGg3UiDRWRh4PvTHdvIW/J7BoI.yJG', 1, '0000-00-00', '38bdf5958de39ec6af4061d0341db2e7.png'),
	(163, 'elena5402776@abv.bg', 'Elen', 'Koleva', '0861505', '$2y$13$EBjr2qzc5nGzhdr7MSwBQ..VGg3UiDRWRh4PvTHdvIW/J7BoI.yJG', 1, '0000-00-00', '38bdf5958de39ec6af4061d0341db2e7.png'),
	(164, 'elena93732279@abv.bg', 'Elen', 'Koleva', '0861505', '$2y$13$EBjr2qzc5nGzhdr7MSwBQ..VGg3UiDRWRh4PvTHdvIW/J7BoI.yJG', 1, '0000-00-00', '38bdf5958de39ec6af4061d0341db2e7.png'),
	(165, 'elena13085293@abv.bg', 'Elen', 'Koleva', '0861505', '$2y$13$EBjr2qzc5nGzhdr7MSwBQ..VGg3UiDRWRh4PvTHdvIW/J7BoI.yJG', 1, '0000-00-00', '38bdf5958de39ec6af4061d0341db2e7.png'),
	(166, 'elena12012886@abv.bg', 'Elen', 'Koleva', '0861505', '$2y$13$EBjr2qzc5nGzhdr7MSwBQ..VGg3UiDRWRh4PvTHdvIW/J7BoI.yJG', 1, '0000-00-00', '38bdf5958de39ec6af4061d0341db2e7.png'),
	(167, 'elena11729527@abv.bg', 'Elen', 'Koleva', '0861505', '$2y$13$EBjr2qzc5nGzhdr7MSwBQ..VGg3UiDRWRh4PvTHdvIW/J7BoI.yJG', 1, '0000-00-00', '38bdf5958de39ec6af4061d0341db2e7.png'),
	(168, 'elena56168876@abv.bg', 'Elen', 'Koleva', '0861505', '$2y$13$EBjr2qzc5nGzhdr7MSwBQ..VGg3UiDRWRh4PvTHdvIW/J7BoI.yJG', 1, '0000-00-00', '38bdf5958de39ec6af4061d0341db2e7.png'),
	(169, 'elena2432183@abv.bg', 'Elen', 'Koleva', '0861505', '$2y$13$EBjr2qzc5nGzhdr7MSwBQ..VGg3UiDRWRh4PvTHdvIW/J7BoI.yJG', 1, '0000-00-00', '38bdf5958de39ec6af4061d0341db2e7.png'),
	(170, 'elena20785776@abv.bg', 'Elen', 'Koleva', '0861505', '$2y$13$EBjr2qzc5nGzhdr7MSwBQ..VGg3UiDRWRh4PvTHdvIW/J7BoI.yJG', 1, '0000-00-00', '38bdf5958de39ec6af4061d0341db2e7.png'),
	(171, 'elena31436771@abv.bg', 'Elen', 'Koleva', '0861505', '$2y$13$EBjr2qzc5nGzhdr7MSwBQ..VGg3UiDRWRh4PvTHdvIW/J7BoI.yJG', 1, '0000-00-00', '38bdf5958de39ec6af4061d0341db2e7.png'),
	(172, 'elena93592726@abv.bg', 'Elen', 'Koleva', '0861505', '$2y$13$EBjr2qzc5nGzhdr7MSwBQ..VGg3UiDRWRh4PvTHdvIW/J7BoI.yJG', 1, '0000-00-00', '38bdf5958de39ec6af4061d0341db2e7.png'),
	(173, 'elena99744316@abv.bg', 'Elen', 'Koleva', '0861505', '$2y$13$EBjr2qzc5nGzhdr7MSwBQ..VGg3UiDRWRh4PvTHdvIW/J7BoI.yJG', 1, '0000-00-00', '38bdf5958de39ec6af4061d0341db2e7.png'),
	(174, 'elena30828809@abv.bg', 'Elen', 'Koleva', '0861505', '$2y$13$EBjr2qzc5nGzhdr7MSwBQ..VGg3UiDRWRh4PvTHdvIW/J7BoI.yJG', 1, '0000-00-00', '38bdf5958de39ec6af4061d0341db2e7.png'),
	(175, 'elena83701429@abv.bg', 'Elen', 'Koleva', '0861505', '$2y$13$EBjr2qzc5nGzhdr7MSwBQ..VGg3UiDRWRh4PvTHdvIW/J7BoI.yJG', 1, '0000-00-00', '38bdf5958de39ec6af4061d0341db2e7.png'),
	(176, 'elena65756916@abv.bg', 'Elen', 'Koleva', '0861505', '$2y$13$EBjr2qzc5nGzhdr7MSwBQ..VGg3UiDRWRh4PvTHdvIW/J7BoI.yJG', 1, '0000-00-00', '38bdf5958de39ec6af4061d0341db2e7.png'),
	(177, 'elena80076214@abv.bg', 'Elen', 'Koleva', '0861505', '$2y$13$EBjr2qzc5nGzhdr7MSwBQ..VGg3UiDRWRh4PvTHdvIW/J7BoI.yJG', 1, '0000-00-00', '38bdf5958de39ec6af4061d0341db2e7.png'),
	(178, 'elena26344466@abv.bg', 'Elen', 'Koleva', '0861505', '$2y$13$EBjr2qzc5nGzhdr7MSwBQ..VGg3UiDRWRh4PvTHdvIW/J7BoI.yJG', 1, '0000-00-00', '38bdf5958de39ec6af4061d0341db2e7.png'),
	(179, 'elena31249764@abv.bg', 'Elen', 'Koleva', '0861505', '$2y$13$EBjr2qzc5nGzhdr7MSwBQ..VGg3UiDRWRh4PvTHdvIW/J7BoI.yJG', 1, '0000-00-00', '38bdf5958de39ec6af4061d0341db2e7.png'),
	(180, 'elena84426057@abv.bg', 'Elen', 'Koleva', '0861505', '$2y$13$EBjr2qzc5nGzhdr7MSwBQ..VGg3UiDRWRh4PvTHdvIW/J7BoI.yJG', 1, '0000-00-00', '38bdf5958de39ec6af4061d0341db2e7.png'),
	(181, 'elena80606669@abv.bg', 'Elen', 'Koleva', '0861505', '$2y$13$EBjr2qzc5nGzhdr7MSwBQ..VGg3UiDRWRh4PvTHdvIW/J7BoI.yJG', 1, '0000-00-00', '38bdf5958de39ec6af4061d0341db2e7.png'),
	(182, 'elena36023868@abv.bg', 'Elen', 'Koleva', '0861505', '$2y$13$EBjr2qzc5nGzhdr7MSwBQ..VGg3UiDRWRh4PvTHdvIW/J7BoI.yJG', 1, '0000-00-00', '38bdf5958de39ec6af4061d0341db2e7.png'),
	(183, 'elena75325497@abv.bg', 'Elen', 'Koleva', '0861505', '$2y$13$EBjr2qzc5nGzhdr7MSwBQ..VGg3UiDRWRh4PvTHdvIW/J7BoI.yJG', 1, '0000-00-00', '38bdf5958de39ec6af4061d0341db2e7.png'),
	(184, 'elena95341647@abv.bg', 'Elen', 'Koleva', '0861505', '$2y$13$EBjr2qzc5nGzhdr7MSwBQ..VGg3UiDRWRh4PvTHdvIW/J7BoI.yJG', 1, '0000-00-00', '38bdf5958de39ec6af4061d0341db2e7.png'),
	(185, 'elena3389433@abv.bg', 'Elen', 'Koleva', '0861505', '$2y$13$EBjr2qzc5nGzhdr7MSwBQ..VGg3UiDRWRh4PvTHdvIW/J7BoI.yJG', 1, '0000-00-00', '38bdf5958de39ec6af4061d0341db2e7.png'),
	(186, 'elena55423052@abv.bg', 'Elen', 'Koleva', '0861505', '$2y$13$EBjr2qzc5nGzhdr7MSwBQ..VGg3UiDRWRh4PvTHdvIW/J7BoI.yJG', 1, '0000-00-00', '38bdf5958de39ec6af4061d0341db2e7.png'),
	(187, 'elena82695920@abv.bg', 'Elen', 'Koleva', '0861505', '$2y$13$EBjr2qzc5nGzhdr7MSwBQ..VGg3UiDRWRh4PvTHdvIW/J7BoI.yJG', 1, '0000-00-00', '38bdf5958de39ec6af4061d0341db2e7.png'),
	(188, 'elena2909285@abv.bg', 'Elen', 'Koleva', '0861505', '$2y$13$EBjr2qzc5nGzhdr7MSwBQ..VGg3UiDRWRh4PvTHdvIW/J7BoI.yJG', 1, '0000-00-00', '38bdf5958de39ec6af4061d0341db2e7.png'),
	(189, 'elena64408204@abv.bg', 'Elen', 'Koleva', '0861505', '$2y$13$EBjr2qzc5nGzhdr7MSwBQ..VGg3UiDRWRh4PvTHdvIW/J7BoI.yJG', 1, '0000-00-00', '38bdf5958de39ec6af4061d0341db2e7.png'),
	(190, 'elena91796339@abv.bg', 'Elen', 'Koleva', '0861505', '$2y$13$EBjr2qzc5nGzhdr7MSwBQ..VGg3UiDRWRh4PvTHdvIW/J7BoI.yJG', 1, '0000-00-00', '38bdf5958de39ec6af4061d0341db2e7.png'),
	(191, 'elena55494151@abv.bg', 'Elen', 'Koleva', '0861505', '$2y$13$EBjr2qzc5nGzhdr7MSwBQ..VGg3UiDRWRh4PvTHdvIW/J7BoI.yJG', 1, '0000-00-00', '38bdf5958de39ec6af4061d0341db2e7.png'),
	(192, 'elena83339724@abv.bg', 'Elen', 'Koleva', '0861505', '$2y$13$EBjr2qzc5nGzhdr7MSwBQ..VGg3UiDRWRh4PvTHdvIW/J7BoI.yJG', 1, '0000-00-00', '38bdf5958de39ec6af4061d0341db2e7.png'),
	(193, 'elena4195664@abv.bg', 'Elen', 'Koleva', '0861505', '$2y$13$EBjr2qzc5nGzhdr7MSwBQ..VGg3UiDRWRh4PvTHdvIW/J7BoI.yJG', 1, '0000-00-00', '38bdf5958de39ec6af4061d0341db2e7.png'),
	(194, 'elena5904469@abv.bg', 'Elen', 'Koleva', '0861505', '$2y$13$EBjr2qzc5nGzhdr7MSwBQ..VGg3UiDRWRh4PvTHdvIW/J7BoI.yJG', 1, '0000-00-00', '38bdf5958de39ec6af4061d0341db2e7.png'),
	(195, 'elena6772965@abv.bg', 'Elen', 'Koleva', '0861505', '$2y$13$EBjr2qzc5nGzhdr7MSwBQ..VGg3UiDRWRh4PvTHdvIW/J7BoI.yJG', 1, '0000-00-00', '38bdf5958de39ec6af4061d0341db2e7.png'),
	(196, 'elena69993639@abv.bg', 'Elen', 'Koleva', '0861505', '$2y$13$EBjr2qzc5nGzhdr7MSwBQ..VGg3UiDRWRh4PvTHdvIW/J7BoI.yJG', 1, '0000-00-00', '38bdf5958de39ec6af4061d0341db2e7.png'),
	(197, 'elena6074764@abv.bg', 'Elen', 'Koleva', '0861505', '$2y$13$EBjr2qzc5nGzhdr7MSwBQ..VGg3UiDRWRh4PvTHdvIW/J7BoI.yJG', 1, '0000-00-00', '38bdf5958de39ec6af4061d0341db2e7.png'),
	(198, 'elena21849447@abv.bg', 'Elen', 'Koleva', '0861505', '$2y$13$EBjr2qzc5nGzhdr7MSwBQ..VGg3UiDRWRh4PvTHdvIW/J7BoI.yJG', 1, '0000-00-00', '38bdf5958de39ec6af4061d0341db2e7.png'),
	(199, 'elena13453926@abv.bg', 'Elen', 'Koleva', '0861505', '$2y$13$EBjr2qzc5nGzhdr7MSwBQ..VGg3UiDRWRh4PvTHdvIW/J7BoI.yJG', 1, '0000-00-00', '38bdf5958de39ec6af4061d0341db2e7.png'),
	(200, 'elena2379886@abv.bg', 'Elen', 'Koleva', '0861505', '$2y$13$EBjr2qzc5nGzhdr7MSwBQ..VGg3UiDRWRh4PvTHdvIW/J7BoI.yJG', 1, '0000-00-00', '38bdf5958de39ec6af4061d0341db2e7.png'),
	(201, 'elena828220@abv.bg', 'Elen', 'Koleva', '0861505', '$2y$13$EBjr2qzc5nGzhdr7MSwBQ..VGg3UiDRWRh4PvTHdvIW/J7BoI.yJG', 1, '0000-00-00', '38bdf5958de39ec6af4061d0341db2e7.png'),
	(202, 'elena65073921@abv.bg', 'Elen', 'Koleva', '0861505', '$2y$13$EBjr2qzc5nGzhdr7MSwBQ..VGg3UiDRWRh4PvTHdvIW/J7BoI.yJG', 1, '0000-00-00', '38bdf5958de39ec6af4061d0341db2e7.png'),
	(203, 'elena51608197@abv.bg', 'Elen', 'Koleva', '0861505', '$2y$13$EBjr2qzc5nGzhdr7MSwBQ..VGg3UiDRWRh4PvTHdvIW/J7BoI.yJG', 1, '0000-00-00', '38bdf5958de39ec6af4061d0341db2e7.png'),
	(204, 'elena4266742@abv.bg', 'Elen', 'Koleva', '0861505', '$2y$13$EBjr2qzc5nGzhdr7MSwBQ..VGg3UiDRWRh4PvTHdvIW/J7BoI.yJG', 1, '0000-00-00', '38bdf5958de39ec6af4061d0341db2e7.png'),
	(205, 'elena34193965@abv.bg', 'Elen', 'Koleva', '0861505', '$2y$13$EBjr2qzc5nGzhdr7MSwBQ..VGg3UiDRWRh4PvTHdvIW/J7BoI.yJG', 1, '0000-00-00', '38bdf5958de39ec6af4061d0341db2e7.png'),
	(206, 'elena7198340@abv.bg', 'Elen', 'Koleva', '0861505', '$2y$13$EBjr2qzc5nGzhdr7MSwBQ..VGg3UiDRWRh4PvTHdvIW/J7BoI.yJG', 1, '0000-00-00', '38bdf5958de39ec6af4061d0341db2e7.png'),
	(207, 'elena99423483@abv.bg', 'Elen', 'Koleva', '0861505', '$2y$13$EBjr2qzc5nGzhdr7MSwBQ..VGg3UiDRWRh4PvTHdvIW/J7BoI.yJG', 1, '0000-00-00', '38bdf5958de39ec6af4061d0341db2e7.png'),
	(208, 'elena4220316@abv.bg', 'Elen', 'Koleva', '0861505', '$2y$13$EBjr2qzc5nGzhdr7MSwBQ..VGg3UiDRWRh4PvTHdvIW/J7BoI.yJG', 1, '0000-00-00', '38bdf5958de39ec6af4061d0341db2e7.png'),
	(209, 'elena44309916@abv.bg', 'Elen', 'Koleva', '0861505', '$2y$13$EBjr2qzc5nGzhdr7MSwBQ..VGg3UiDRWRh4PvTHdvIW/J7BoI.yJG', 1, '0000-00-00', '38bdf5958de39ec6af4061d0341db2e7.png'),
	(210, 'elena20196488@abv.bg', 'Elen', 'Koleva', '0861505', '$2y$13$EBjr2qzc5nGzhdr7MSwBQ..VGg3UiDRWRh4PvTHdvIW/J7BoI.yJG', 1, '0000-00-00', '38bdf5958de39ec6af4061d0341db2e7.png'),
	(211, 'elena684826@abv.bg', 'Elen', 'Koleva', '0861505', '$2y$13$EBjr2qzc5nGzhdr7MSwBQ..VGg3UiDRWRh4PvTHdvIW/J7BoI.yJG', 1, '0000-00-00', '38bdf5958de39ec6af4061d0341db2e7.png'),
	(212, 'elena14214476@abv.bg', 'Elen', 'Koleva', '0861505', '$2y$13$EBjr2qzc5nGzhdr7MSwBQ..VGg3UiDRWRh4PvTHdvIW/J7BoI.yJG', 1, '0000-00-00', '38bdf5958de39ec6af4061d0341db2e7.png'),
	(213, 'elena47282123@abv.bg', 'Elen', 'Koleva', '0861505', '$2y$13$EBjr2qzc5nGzhdr7MSwBQ..VGg3UiDRWRh4PvTHdvIW/J7BoI.yJG', 1, '0000-00-00', '38bdf5958de39ec6af4061d0341db2e7.png'),
	(214, 'elena71902521@abv.bg', 'Elen', 'Koleva', '0861505', '$2y$13$EBjr2qzc5nGzhdr7MSwBQ..VGg3UiDRWRh4PvTHdvIW/J7BoI.yJG', 1, '0000-00-00', '38bdf5958de39ec6af4061d0341db2e7.png'),
	(215, 'elena53547158@abv.bg', 'Elen', 'Koleva', '0861505', '$2y$13$EBjr2qzc5nGzhdr7MSwBQ..VGg3UiDRWRh4PvTHdvIW/J7BoI.yJG', 1, '0000-00-00', '38bdf5958de39ec6af4061d0341db2e7.png'),
	(216, 'elena72172142@abv.bg', 'Elen', 'Koleva', '0861505', '$2y$13$EBjr2qzc5nGzhdr7MSwBQ..VGg3UiDRWRh4PvTHdvIW/J7BoI.yJG', 1, '0000-00-00', '38bdf5958de39ec6af4061d0341db2e7.png'),
	(217, 'elena66565409@abv.bg', 'Elen', 'Koleva', '0861505', '$2y$13$EBjr2qzc5nGzhdr7MSwBQ..VGg3UiDRWRh4PvTHdvIW/J7BoI.yJG', 1, '0000-00-00', '38bdf5958de39ec6af4061d0341db2e7.png'),
	(218, 'elena6353965@abv.bg', 'Elen', 'Koleva', '0861505', '$2y$13$EBjr2qzc5nGzhdr7MSwBQ..VGg3UiDRWRh4PvTHdvIW/J7BoI.yJG', 1, '0000-00-00', '38bdf5958de39ec6af4061d0341db2e7.png'),
	(219, 'elena8968277@abv.bg', 'Elen', 'Koleva', '0861505', '$2y$13$EBjr2qzc5nGzhdr7MSwBQ..VGg3UiDRWRh4PvTHdvIW/J7BoI.yJG', 1, '0000-00-00', '38bdf5958de39ec6af4061d0341db2e7.png'),
	(220, 'elena29082054@abv.bg', 'Elen', 'Koleva', '0861505', '$2y$13$EBjr2qzc5nGzhdr7MSwBQ..VGg3UiDRWRh4PvTHdvIW/J7BoI.yJG', 1, '0000-00-00', '38bdf5958de39ec6af4061d0341db2e7.png'),
	(221, 'elena81771054@abv.bg', 'Elen', 'Koleva', '0861505', '$2y$13$EBjr2qzc5nGzhdr7MSwBQ..VGg3UiDRWRh4PvTHdvIW/J7BoI.yJG', 1, '0000-00-00', '38bdf5958de39ec6af4061d0341db2e7.png'),
	(222, 'elena21826738@abv.bg', 'Elen', 'Koleva', '0861505', '$2y$13$EBjr2qzc5nGzhdr7MSwBQ..VGg3UiDRWRh4PvTHdvIW/J7BoI.yJG', 1, '0000-00-00', '38bdf5958de39ec6af4061d0341db2e7.png'),
	(223, 'elena5432448@abv.bg', 'Elen', 'Koleva', '0861505', '$2y$13$EBjr2qzc5nGzhdr7MSwBQ..VGg3UiDRWRh4PvTHdvIW/J7BoI.yJG', 1, '0000-00-00', '38bdf5958de39ec6af4061d0341db2e7.png'),
	(224, 'elena72958501@abv.bg', 'Elen', 'Koleva', '0861505', '$2y$13$EBjr2qzc5nGzhdr7MSwBQ..VGg3UiDRWRh4PvTHdvIW/J7BoI.yJG', 1, '0000-00-00', '38bdf5958de39ec6af4061d0341db2e7.png'),
	(225, 'elena42264534@abv.bg', 'Elen', 'Koleva', '0861505', '$2y$13$EBjr2qzc5nGzhdr7MSwBQ..VGg3UiDRWRh4PvTHdvIW/J7BoI.yJG', 1, '0000-00-00', '38bdf5958de39ec6af4061d0341db2e7.png'),
	(226, 'elena45685042@abv.bg', 'Elen', 'Koleva', '0861505', '$2y$13$EBjr2qzc5nGzhdr7MSwBQ..VGg3UiDRWRh4PvTHdvIW/J7BoI.yJG', 1, '0000-00-00', '38bdf5958de39ec6af4061d0341db2e7.png'),
	(227, 'elena57801579@abv.bg', 'Elen', 'Koleva', '0861505', '$2y$13$EBjr2qzc5nGzhdr7MSwBQ..VGg3UiDRWRh4PvTHdvIW/J7BoI.yJG', 1, '0000-00-00', '38bdf5958de39ec6af4061d0341db2e7.png'),
	(228, 'elena84749547@abv.bg', 'Elen', 'Koleva', '0861505', '$2y$13$EBjr2qzc5nGzhdr7MSwBQ..VGg3UiDRWRh4PvTHdvIW/J7BoI.yJG', 1, '0000-00-00', '38bdf5958de39ec6af4061d0341db2e7.png'),
	(229, 'elena30595000@abv.bg', 'Elen', 'Koleva', '0861505', '$2y$13$EBjr2qzc5nGzhdr7MSwBQ..VGg3UiDRWRh4PvTHdvIW/J7BoI.yJG', 1, '0000-00-00', '38bdf5958de39ec6af4061d0341db2e7.png'),
	(230, 'elena57433170@abv.bg', 'Elen', 'Koleva', '0861505', '$2y$13$EBjr2qzc5nGzhdr7MSwBQ..VGg3UiDRWRh4PvTHdvIW/J7BoI.yJG', 1, '0000-00-00', '38bdf5958de39ec6af4061d0341db2e7.png'),
	(231, 'elena51835314@abv.bg', 'Elen', 'Koleva', '0861505', '$2y$13$EBjr2qzc5nGzhdr7MSwBQ..VGg3UiDRWRh4PvTHdvIW/J7BoI.yJG', 1, '0000-00-00', '38bdf5958de39ec6af4061d0341db2e7.png'),
	(232, 'elena67073964@abv.bg', 'Elen', 'Koleva', '0861505', '$2y$13$EBjr2qzc5nGzhdr7MSwBQ..VGg3UiDRWRh4PvTHdvIW/J7BoI.yJG', 1, '0000-00-00', '38bdf5958de39ec6af4061d0341db2e7.png'),
	(233, 'elena56164520@abv.bg', 'Elen', 'Koleva', '0861505', '$2y$13$EBjr2qzc5nGzhdr7MSwBQ..VGg3UiDRWRh4PvTHdvIW/J7BoI.yJG', 1, '0000-00-00', '38bdf5958de39ec6af4061d0341db2e7.png'),
	(234, 'elena93744076@abv.bg', 'Elen', 'Koleva', '0861505', '$2y$13$EBjr2qzc5nGzhdr7MSwBQ..VGg3UiDRWRh4PvTHdvIW/J7BoI.yJG', 1, '0000-00-00', '38bdf5958de39ec6af4061d0341db2e7.png'),
	(235, 'elena95831531@abv.bg', 'Elen', 'Koleva', '0861505', '$2y$13$EBjr2qzc5nGzhdr7MSwBQ..VGg3UiDRWRh4PvTHdvIW/J7BoI.yJG', 1, '0000-00-00', '38bdf5958de39ec6af4061d0341db2e7.png'),
	(236, 'elena91815292@abv.bg', 'Elen', 'Koleva', '0861505', '$2y$13$EBjr2qzc5nGzhdr7MSwBQ..VGg3UiDRWRh4PvTHdvIW/J7BoI.yJG', 1, '0000-00-00', '38bdf5958de39ec6af4061d0341db2e7.png'),
	(237, 'elena33051454@abv.bg', 'Elen', 'Koleva', '0861505', '$2y$13$EBjr2qzc5nGzhdr7MSwBQ..VGg3UiDRWRh4PvTHdvIW/J7BoI.yJG', 1, '0000-00-00', '38bdf5958de39ec6af4061d0341db2e7.png'),
	(238, 'elena75739756@abv.bg', 'Elen', 'Koleva', '0861505', '$2y$13$EBjr2qzc5nGzhdr7MSwBQ..VGg3UiDRWRh4PvTHdvIW/J7BoI.yJG', 1, '0000-00-00', '38bdf5958de39ec6af4061d0341db2e7.png'),
	(239, 'elena55328304@abv.bg', 'Elen', 'Koleva', '0861505', '$2y$13$EBjr2qzc5nGzhdr7MSwBQ..VGg3UiDRWRh4PvTHdvIW/J7BoI.yJG', 1, '0000-00-00', '38bdf5958de39ec6af4061d0341db2e7.png'),
	(240, 'elena16676248@abv.bg', 'Elen', 'Koleva', '0861505', '$2y$13$EBjr2qzc5nGzhdr7MSwBQ..VGg3UiDRWRh4PvTHdvIW/J7BoI.yJG', 1, '0000-00-00', '38bdf5958de39ec6af4061d0341db2e7.png'),
	(241, 'elena72132326@abv.bg', 'Elen', 'Koleva', '0861505', '$2y$13$EBjr2qzc5nGzhdr7MSwBQ..VGg3UiDRWRh4PvTHdvIW/J7BoI.yJG', 1, '0000-00-00', '38bdf5958de39ec6af4061d0341db2e7.png'),
	(242, 'elena13735602@abv.bg', 'Elen', 'Koleva', '0861505', '$2y$13$EBjr2qzc5nGzhdr7MSwBQ..VGg3UiDRWRh4PvTHdvIW/J7BoI.yJG', 1, '0000-00-00', '38bdf5958de39ec6af4061d0341db2e7.png'),
	(243, 'elena87168675@abv.bg', 'Elen', 'Koleva', '0861505', '$2y$13$EBjr2qzc5nGzhdr7MSwBQ..VGg3UiDRWRh4PvTHdvIW/J7BoI.yJG', 1, '0000-00-00', '38bdf5958de39ec6af4061d0341db2e7.png'),
	(244, 'elena40235139@abv.bg', 'Elen', 'Koleva', '0861505', '$2y$13$EBjr2qzc5nGzhdr7MSwBQ..VGg3UiDRWRh4PvTHdvIW/J7BoI.yJG', 1, '0000-00-00', '38bdf5958de39ec6af4061d0341db2e7.png'),
	(245, 'elena28492387@abv.bg', 'Elen', 'Koleva', '0861505', '$2y$13$EBjr2qzc5nGzhdr7MSwBQ..VGg3UiDRWRh4PvTHdvIW/J7BoI.yJG', 1, '0000-00-00', '38bdf5958de39ec6af4061d0341db2e7.png'),
	(246, 'elena1454664@abv.bg', 'Elen', 'Koleva', '0861505', '$2y$13$EBjr2qzc5nGzhdr7MSwBQ..VGg3UiDRWRh4PvTHdvIW/J7BoI.yJG', 1, '0000-00-00', '38bdf5958de39ec6af4061d0341db2e7.png'),
	(247, 'elena26746145@abv.bg', 'Elen', 'Koleva', '0861505', '$2y$13$EBjr2qzc5nGzhdr7MSwBQ..VGg3UiDRWRh4PvTHdvIW/J7BoI.yJG', 1, '0000-00-00', '38bdf5958de39ec6af4061d0341db2e7.png'),
	(248, 'elena93852224@abv.bg', 'Elen', 'Koleva', '0861505', '$2y$13$EBjr2qzc5nGzhdr7MSwBQ..VGg3UiDRWRh4PvTHdvIW/J7BoI.yJG', 1, '0000-00-00', '38bdf5958de39ec6af4061d0341db2e7.png'),
	(249, 'elena70926182@abv.bg', 'Elen', 'Koleva', '0861505', '$2y$13$EBjr2qzc5nGzhdr7MSwBQ..VGg3UiDRWRh4PvTHdvIW/J7BoI.yJG', 1, '0000-00-00', '38bdf5958de39ec6af4061d0341db2e7.png'),
	(250, 'elena72567086@abv.bg', 'Elen', 'Koleva', '0861505', '$2y$13$EBjr2qzc5nGzhdr7MSwBQ..VGg3UiDRWRh4PvTHdvIW/J7BoI.yJG', 1, '0000-00-00', '38bdf5958de39ec6af4061d0341db2e7.png'),
	(251, 'elena62043705@abv.bg', 'Elen', 'Koleva', '0861505', '$2y$13$EBjr2qzc5nGzhdr7MSwBQ..VGg3UiDRWRh4PvTHdvIW/J7BoI.yJG', 1, '0000-00-00', '38bdf5958de39ec6af4061d0341db2e7.png'),
	(252, 'elena61837311@abv.bg', 'Elen', 'Koleva', '0861505', '$2y$13$EBjr2qzc5nGzhdr7MSwBQ..VGg3UiDRWRh4PvTHdvIW/J7BoI.yJG', 1, '0000-00-00', '38bdf5958de39ec6af4061d0341db2e7.png'),
	(253, 'elena8267699@abv.bg', 'Elen', 'Koleva', '0861505', '$2y$13$EBjr2qzc5nGzhdr7MSwBQ..VGg3UiDRWRh4PvTHdvIW/J7BoI.yJG', 1, '0000-00-00', '38bdf5958de39ec6af4061d0341db2e7.png'),
	(254, 'elena12486308@abv.bg', 'Elen', 'Koleva', '0861505', '$2y$13$EBjr2qzc5nGzhdr7MSwBQ..VGg3UiDRWRh4PvTHdvIW/J7BoI.yJG', 1, '0000-00-00', '38bdf5958de39ec6af4061d0341db2e7.png'),
	(255, 'elena57677525@abv.bg', 'Elen', 'Koleva', '0861505', '$2y$13$EBjr2qzc5nGzhdr7MSwBQ..VGg3UiDRWRh4PvTHdvIW/J7BoI.yJG', 1, '0000-00-00', '38bdf5958de39ec6af4061d0341db2e7.png'),
	(256, 'elena19435765@abv.bg', 'Elen', 'Koleva', '0861505', '$2y$13$EBjr2qzc5nGzhdr7MSwBQ..VGg3UiDRWRh4PvTHdvIW/J7BoI.yJG', 1, '0000-00-00', '38bdf5958de39ec6af4061d0341db2e7.png'),
	(257, 'elena35317499@abv.bg', 'Elen', 'Koleva', '0861505', '$2y$13$EBjr2qzc5nGzhdr7MSwBQ..VGg3UiDRWRh4PvTHdvIW/J7BoI.yJG', 1, '0000-00-00', '38bdf5958de39ec6af4061d0341db2e7.png'),
	(258, 'elena28961254@abv.bg', 'Elen', 'Koleva', '0861505', '$2y$13$EBjr2qzc5nGzhdr7MSwBQ..VGg3UiDRWRh4PvTHdvIW/J7BoI.yJG', 1, '0000-00-00', '38bdf5958de39ec6af4061d0341db2e7.png'),
	(259, 'elena7620915@abv.bg', 'Elen', 'Koleva', '0861505', '$2y$13$EBjr2qzc5nGzhdr7MSwBQ..VGg3UiDRWRh4PvTHdvIW/J7BoI.yJG', 1, '0000-00-00', '38bdf5958de39ec6af4061d0341db2e7.png'),
	(260, 'elena14362572@abv.bg', 'Elen', 'Koleva', '0861505', '$2y$13$EBjr2qzc5nGzhdr7MSwBQ..VGg3UiDRWRh4PvTHdvIW/J7BoI.yJG', 1, '0000-00-00', '38bdf5958de39ec6af4061d0341db2e7.png'),
	(261, 'elena13544970@abv.bg', 'Elen', 'Koleva', '0861505', '$2y$13$EBjr2qzc5nGzhdr7MSwBQ..VGg3UiDRWRh4PvTHdvIW/J7BoI.yJG', 1, '0000-00-00', '38bdf5958de39ec6af4061d0341db2e7.png'),
	(262, 'elena19206001@abv.bg', 'Elen', 'Koleva', '0861505', '$2y$13$EBjr2qzc5nGzhdr7MSwBQ..VGg3UiDRWRh4PvTHdvIW/J7BoI.yJG', 1, '0000-00-00', '38bdf5958de39ec6af4061d0341db2e7.png'),
	(263, 'elena64666116@abv.bg', 'Elen', 'Koleva', '0861505', '$2y$13$EBjr2qzc5nGzhdr7MSwBQ..VGg3UiDRWRh4PvTHdvIW/J7BoI.yJG', 1, '0000-00-00', '38bdf5958de39ec6af4061d0341db2e7.png'),
	(264, 'elena9625265@abv.bg', 'Elen', 'Koleva', '0861505', '$2y$13$EBjr2qzc5nGzhdr7MSwBQ..VGg3UiDRWRh4PvTHdvIW/J7BoI.yJG', 1, '0000-00-00', '38bdf5958de39ec6af4061d0341db2e7.png'),
	(265, 'elena43339144@abv.bg', 'Elen', 'Koleva', '0861505', '$2y$13$EBjr2qzc5nGzhdr7MSwBQ..VGg3UiDRWRh4PvTHdvIW/J7BoI.yJG', 1, '0000-00-00', '38bdf5958de39ec6af4061d0341db2e7.png'),
	(266, 'elena3999544@abv.bg', 'Elen', 'Koleva', '0861505', '$2y$13$EBjr2qzc5nGzhdr7MSwBQ..VGg3UiDRWRh4PvTHdvIW/J7BoI.yJG', 1, '0000-00-00', '38bdf5958de39ec6af4061d0341db2e7.png'),
	(267, 'elena63787791@abv.bg', 'Elen', 'Koleva', '0861505', '$2y$13$EBjr2qzc5nGzhdr7MSwBQ..VGg3UiDRWRh4PvTHdvIW/J7BoI.yJG', 1, '0000-00-00', '38bdf5958de39ec6af4061d0341db2e7.png'),
	(268, 'elena79648267@abv.bg', 'Elen', 'Koleva', '0861505', '$2y$13$EBjr2qzc5nGzhdr7MSwBQ..VGg3UiDRWRh4PvTHdvIW/J7BoI.yJG', 1, '0000-00-00', '38bdf5958de39ec6af4061d0341db2e7.png'),
	(269, 'elena57382202@abv.bg', 'Elen', 'Koleva', '0861505', '$2y$13$EBjr2qzc5nGzhdr7MSwBQ..VGg3UiDRWRh4PvTHdvIW/J7BoI.yJG', 1, '0000-00-00', '38bdf5958de39ec6af4061d0341db2e7.png'),
	(270, 'elena90163250@abv.bg', 'Elen', 'Koleva', '0861505', '$2y$13$EBjr2qzc5nGzhdr7MSwBQ..VGg3UiDRWRh4PvTHdvIW/J7BoI.yJG', 1, '0000-00-00', '38bdf5958de39ec6af4061d0341db2e7.png'),
	(271, 'elena49717432@abv.bg', 'Elen', 'Koleva', '0861505', '$2y$13$EBjr2qzc5nGzhdr7MSwBQ..VGg3UiDRWRh4PvTHdvIW/J7BoI.yJG', 1, '0000-00-00', '38bdf5958de39ec6af4061d0341db2e7.png'),
	(272, 'elena86862306@abv.bg', 'Elen', 'Koleva', '0861505', '$2y$13$EBjr2qzc5nGzhdr7MSwBQ..VGg3UiDRWRh4PvTHdvIW/J7BoI.yJG', 1, '0000-00-00', '38bdf5958de39ec6af4061d0341db2e7.png'),
	(273, 'elena35083203@abv.bg', 'Elen', 'Koleva', '0861505', '$2y$13$EBjr2qzc5nGzhdr7MSwBQ..VGg3UiDRWRh4PvTHdvIW/J7BoI.yJG', 1, '0000-00-00', '38bdf5958de39ec6af4061d0341db2e7.png'),
	(274, 'elena97489183@abv.bg', 'Elen', 'Koleva', '0861505', '$2y$13$EBjr2qzc5nGzhdr7MSwBQ..VGg3UiDRWRh4PvTHdvIW/J7BoI.yJG', 1, '0000-00-00', '38bdf5958de39ec6af4061d0341db2e7.png'),
	(275, 'elena258292@abv.bg', 'Elen', 'Koleva', '0861505', '$2y$13$EBjr2qzc5nGzhdr7MSwBQ..VGg3UiDRWRh4PvTHdvIW/J7BoI.yJG', 1, '0000-00-00', '38bdf5958de39ec6af4061d0341db2e7.png'),
	(276, 'elena50196519@abv.bg', 'Elen', 'Koleva', '0861505', '$2y$13$EBjr2qzc5nGzhdr7MSwBQ..VGg3UiDRWRh4PvTHdvIW/J7BoI.yJG', 1, '0000-00-00', '38bdf5958de39ec6af4061d0341db2e7.png'),
	(277, 'elena87762502@abv.bg', 'Elen', 'Koleva', '0861505', '$2y$13$EBjr2qzc5nGzhdr7MSwBQ..VGg3UiDRWRh4PvTHdvIW/J7BoI.yJG', 1, '0000-00-00', '38bdf5958de39ec6af4061d0341db2e7.png'),
	(278, 'elena62437875@abv.bg', 'Elen', 'Koleva', '0861505', '$2y$13$EBjr2qzc5nGzhdr7MSwBQ..VGg3UiDRWRh4PvTHdvIW/J7BoI.yJG', 1, '0000-00-00', '38bdf5958de39ec6af4061d0341db2e7.png'),
	(279, 'elena52438056@abv.bg', 'Elen', 'Koleva', '0861505', '$2y$13$EBjr2qzc5nGzhdr7MSwBQ..VGg3UiDRWRh4PvTHdvIW/J7BoI.yJG', 1, '0000-00-00', '38bdf5958de39ec6af4061d0341db2e7.png'),
	(280, 'elena63056765@abv.bg', 'Elen', 'Koleva', '0861505', '$2y$13$EBjr2qzc5nGzhdr7MSwBQ..VGg3UiDRWRh4PvTHdvIW/J7BoI.yJG', 1, '0000-00-00', '38bdf5958de39ec6af4061d0341db2e7.png'),
	(281, 'elena7803433@abv.bg', 'Elen', 'Koleva', '0861505', '$2y$13$EBjr2qzc5nGzhdr7MSwBQ..VGg3UiDRWRh4PvTHdvIW/J7BoI.yJG', 1, '0000-00-00', '38bdf5958de39ec6af4061d0341db2e7.png'),
	(282, 'elena48517992@abv.bg', 'Elen', 'Koleva', '0861505', '$2y$13$EBjr2qzc5nGzhdr7MSwBQ..VGg3UiDRWRh4PvTHdvIW/J7BoI.yJG', 1, '0000-00-00', '38bdf5958de39ec6af4061d0341db2e7.png'),
	(283, 'elena8999113@abv.bg', 'Elen', 'Koleva', '0861505', '$2y$13$EBjr2qzc5nGzhdr7MSwBQ..VGg3UiDRWRh4PvTHdvIW/J7BoI.yJG', 1, '0000-00-00', '38bdf5958de39ec6af4061d0341db2e7.png'),
	(284, 'elena97502646@abv.bg', 'Elen', 'Koleva', '0861505', '$2y$13$EBjr2qzc5nGzhdr7MSwBQ..VGg3UiDRWRh4PvTHdvIW/J7BoI.yJG', 1, '0000-00-00', '38bdf5958de39ec6af4061d0341db2e7.png'),
	(285, 'elena83716293@abv.bg', 'Elen', 'Koleva', '0861505', '$2y$13$EBjr2qzc5nGzhdr7MSwBQ..VGg3UiDRWRh4PvTHdvIW/J7BoI.yJG', 1, '0000-00-00', '38bdf5958de39ec6af4061d0341db2e7.png'),
	(286, 'elena7127199@abv.bg', 'Elen', 'Koleva', '0861505', '$2y$13$EBjr2qzc5nGzhdr7MSwBQ..VGg3UiDRWRh4PvTHdvIW/J7BoI.yJG', 1, '0000-00-00', '38bdf5958de39ec6af4061d0341db2e7.png'),
	(287, 'elena10324773@abv.bg', 'Elen', 'Koleva', '0861505', '$2y$13$EBjr2qzc5nGzhdr7MSwBQ..VGg3UiDRWRh4PvTHdvIW/J7BoI.yJG', 1, '0000-00-00', '38bdf5958de39ec6af4061d0341db2e7.png'),
	(288, 'elena15549000@abv.bg', 'Elen', 'Koleva', '0861505', '$2y$13$EBjr2qzc5nGzhdr7MSwBQ..VGg3UiDRWRh4PvTHdvIW/J7BoI.yJG', 1, '0000-00-00', '38bdf5958de39ec6af4061d0341db2e7.png'),
	(289, 'elena45305244@abv.bg', 'Elen', 'Koleva', '0861505', '$2y$13$EBjr2qzc5nGzhdr7MSwBQ..VGg3UiDRWRh4PvTHdvIW/J7BoI.yJG', 1, '0000-00-00', '38bdf5958de39ec6af4061d0341db2e7.png'),
	(290, 'elena36767887@abv.bg', 'Elen', 'Koleva', '0861505', '$2y$13$EBjr2qzc5nGzhdr7MSwBQ..VGg3UiDRWRh4PvTHdvIW/J7BoI.yJG', 1, '0000-00-00', '38bdf5958de39ec6af4061d0341db2e7.png'),
	(291, 'elena60607581@abv.bg', 'Elen', 'Koleva', '0861505', '$2y$13$EBjr2qzc5nGzhdr7MSwBQ..VGg3UiDRWRh4PvTHdvIW/J7BoI.yJG', 1, '0000-00-00', '38bdf5958de39ec6af4061d0341db2e7.png'),
	(292, 'elena4134818@abv.bg', 'Elen', 'Koleva', '0861505', '$2y$13$EBjr2qzc5nGzhdr7MSwBQ..VGg3UiDRWRh4PvTHdvIW/J7BoI.yJG', 1, '0000-00-00', '38bdf5958de39ec6af4061d0341db2e7.png'),
	(293, 'elena39486090@abv.bg', 'Elen', 'Koleva', '0861505', '$2y$13$EBjr2qzc5nGzhdr7MSwBQ..VGg3UiDRWRh4PvTHdvIW/J7BoI.yJG', 1, '0000-00-00', '38bdf5958de39ec6af4061d0341db2e7.png'),
	(294, 'elena88062485@abv.bg', 'Elen', 'Koleva', '0861505', '$2y$13$EBjr2qzc5nGzhdr7MSwBQ..VGg3UiDRWRh4PvTHdvIW/J7BoI.yJG', 1, '0000-00-00', '38bdf5958de39ec6af4061d0341db2e7.png'),
	(295, 'elena78675952@abv.bg', 'Elen', 'Koleva', '0861505', '$2y$13$EBjr2qzc5nGzhdr7MSwBQ..VGg3UiDRWRh4PvTHdvIW/J7BoI.yJG', 1, '0000-00-00', '38bdf5958de39ec6af4061d0341db2e7.png'),
	(296, 'elena51199074@abv.bg', 'Elen', 'Koleva', '0861505', '$2y$13$EBjr2qzc5nGzhdr7MSwBQ..VGg3UiDRWRh4PvTHdvIW/J7BoI.yJG', 1, '0000-00-00', '38bdf5958de39ec6af4061d0341db2e7.png'),
	(297, 'elena35018486@abv.bg', 'Elen', 'Koleva', '0861505', '$2y$13$EBjr2qzc5nGzhdr7MSwBQ..VGg3UiDRWRh4PvTHdvIW/J7BoI.yJG', 1, '0000-00-00', '38bdf5958de39ec6af4061d0341db2e7.png'),
	(298, 'elena9341669@abv.bg', 'Elen', 'Koleva', '0861505', '$2y$13$EBjr2qzc5nGzhdr7MSwBQ..VGg3UiDRWRh4PvTHdvIW/J7BoI.yJG', 1, '0000-00-00', '38bdf5958de39ec6af4061d0341db2e7.png'),
	(299, 'elena5443459@abv.bg', 'Elen', 'Koleva', '0861505', '$2y$13$EBjr2qzc5nGzhdr7MSwBQ..VGg3UiDRWRh4PvTHdvIW/J7BoI.yJG', 1, '0000-00-00', '38bdf5958de39ec6af4061d0341db2e7.png'),
	(300, 'elena23431358@abv.bg', 'Elen', 'Koleva', '0861505', '$2y$13$EBjr2qzc5nGzhdr7MSwBQ..VGg3UiDRWRh4PvTHdvIW/J7BoI.yJG', 1, '0000-00-00', '38bdf5958de39ec6af4061d0341db2e7.png'),
	(301, 'elena5974938@abv.bg', 'Elen', 'Koleva', '0861505', '$2y$13$EBjr2qzc5nGzhdr7MSwBQ..VGg3UiDRWRh4PvTHdvIW/J7BoI.yJG', 1, '0000-00-00', '38bdf5958de39ec6af4061d0341db2e7.png'),
	(302, 'elena1024134@abv.bg', 'Elen', 'Koleva', '0861505', '$2y$13$EBjr2qzc5nGzhdr7MSwBQ..VGg3UiDRWRh4PvTHdvIW/J7BoI.yJG', 1, '0000-00-00', '38bdf5958de39ec6af4061d0341db2e7.png'),
	(303, 'elena50845331@abv.bg', 'Elen', 'Koleva', '0861505', '$2y$13$EBjr2qzc5nGzhdr7MSwBQ..VGg3UiDRWRh4PvTHdvIW/J7BoI.yJG', 1, '0000-00-00', '38bdf5958de39ec6af4061d0341db2e7.png'),
	(304, 'elena68404495@abv.bg', 'Elen', 'Koleva', '0861505', '$2y$13$EBjr2qzc5nGzhdr7MSwBQ..VGg3UiDRWRh4PvTHdvIW/J7BoI.yJG', 1, '0000-00-00', '38bdf5958de39ec6af4061d0341db2e7.png'),
	(305, 'elena39881511@abv.bg', 'Elen', 'Koleva', '0861505', '$2y$13$EBjr2qzc5nGzhdr7MSwBQ..VGg3UiDRWRh4PvTHdvIW/J7BoI.yJG', 1, '0000-00-00', '38bdf5958de39ec6af4061d0341db2e7.png'),
	(306, 'elena92028423@abv.bg', 'Elen', 'Koleva', '0861505', '$2y$13$EBjr2qzc5nGzhdr7MSwBQ..VGg3UiDRWRh4PvTHdvIW/J7BoI.yJG', 1, '0000-00-00', '38bdf5958de39ec6af4061d0341db2e7.png'),
	(307, 'elena35393284@abv.bg', 'Elen', 'Koleva', '0861505', '$2y$13$EBjr2qzc5nGzhdr7MSwBQ..VGg3UiDRWRh4PvTHdvIW/J7BoI.yJG', 1, '0000-00-00', '38bdf5958de39ec6af4061d0341db2e7.png'),
	(308, 'elena6337357@abv.bg', 'Elen', 'Koleva', '0861505', '$2y$13$EBjr2qzc5nGzhdr7MSwBQ..VGg3UiDRWRh4PvTHdvIW/J7BoI.yJG', 1, '0000-00-00', '38bdf5958de39ec6af4061d0341db2e7.png'),
	(309, 'elena60644419@abv.bg', 'Elen', 'Koleva', '0861505', '$2y$13$EBjr2qzc5nGzhdr7MSwBQ..VGg3UiDRWRh4PvTHdvIW/J7BoI.yJG', 1, '0000-00-00', '38bdf5958de39ec6af4061d0341db2e7.png'),
	(310, 'elena48381561@abv.bg', 'Elen', 'Koleva', '0861505', '$2y$13$EBjr2qzc5nGzhdr7MSwBQ..VGg3UiDRWRh4PvTHdvIW/J7BoI.yJG', 1, '0000-00-00', '38bdf5958de39ec6af4061d0341db2e7.png'),
	(311, 'elena31604767@abv.bg', 'Elen', 'Koleva', '0861505', '$2y$13$EBjr2qzc5nGzhdr7MSwBQ..VGg3UiDRWRh4PvTHdvIW/J7BoI.yJG', 1, '0000-00-00', '38bdf5958de39ec6af4061d0341db2e7.png'),
	(312, 'elena10815858@abv.bg', 'Elen', 'Koleva', '0861505', '$2y$13$EBjr2qzc5nGzhdr7MSwBQ..VGg3UiDRWRh4PvTHdvIW/J7BoI.yJG', 1, '0000-00-00', '38bdf5958de39ec6af4061d0341db2e7.png'),
	(313, 'elena32439153@abv.bg', 'Elen', 'Koleva', '0861505', '$2y$13$EBjr2qzc5nGzhdr7MSwBQ..VGg3UiDRWRh4PvTHdvIW/J7BoI.yJG', 1, '0000-00-00', '38bdf5958de39ec6af4061d0341db2e7.png'),
	(314, 'elena5395096@abv.bg', 'Elen', 'Koleva', '0861505', '$2y$13$EBjr2qzc5nGzhdr7MSwBQ..VGg3UiDRWRh4PvTHdvIW/J7BoI.yJG', 1, '0000-00-00', '38bdf5958de39ec6af4061d0341db2e7.png'),
	(315, 'elena87911399@abv.bg', 'Elen', 'Koleva', '0861505', '$2y$13$EBjr2qzc5nGzhdr7MSwBQ..VGg3UiDRWRh4PvTHdvIW/J7BoI.yJG', 1, '0000-00-00', '38bdf5958de39ec6af4061d0341db2e7.png'),
	(316, 'elena41702621@abv.bg', 'Elen', 'Koleva', '0861505', '$2y$13$EBjr2qzc5nGzhdr7MSwBQ..VGg3UiDRWRh4PvTHdvIW/J7BoI.yJG', 1, '0000-00-00', '38bdf5958de39ec6af4061d0341db2e7.png'),
	(317, 'elena56536208@abv.bg', 'Elen', 'Koleva', '0861505', '$2y$13$EBjr2qzc5nGzhdr7MSwBQ..VGg3UiDRWRh4PvTHdvIW/J7BoI.yJG', 1, '0000-00-00', '38bdf5958de39ec6af4061d0341db2e7.png'),
	(318, 'elena6650490@abv.bg', 'Elen', 'Koleva', '0861505', '$2y$13$EBjr2qzc5nGzhdr7MSwBQ..VGg3UiDRWRh4PvTHdvIW/J7BoI.yJG', 1, '0000-00-00', '38bdf5958de39ec6af4061d0341db2e7.png'),
	(319, 'elena2163939@abv.bg', 'Elen', 'Koleva', '0861505', '$2y$13$EBjr2qzc5nGzhdr7MSwBQ..VGg3UiDRWRh4PvTHdvIW/J7BoI.yJG', 1, '0000-00-00', '38bdf5958de39ec6af4061d0341db2e7.png'),
	(320, 'elena9924597@abv.bg', 'Elen', 'Koleva', '0861505', '$2y$13$EBjr2qzc5nGzhdr7MSwBQ..VGg3UiDRWRh4PvTHdvIW/J7BoI.yJG', 1, '0000-00-00', '38bdf5958de39ec6af4061d0341db2e7.png'),
	(321, 'elena19258671@abv.bg', 'Elen', 'Koleva', '0861505', '$2y$13$EBjr2qzc5nGzhdr7MSwBQ..VGg3UiDRWRh4PvTHdvIW/J7BoI.yJG', 1, '0000-00-00', '38bdf5958de39ec6af4061d0341db2e7.png'),
	(322, 'elena23297274@abv.bg', 'Elen', 'Koleva', '0861505', '$2y$13$EBjr2qzc5nGzhdr7MSwBQ..VGg3UiDRWRh4PvTHdvIW/J7BoI.yJG', 1, '0000-00-00', '38bdf5958de39ec6af4061d0341db2e7.png'),
	(323, 'elena56491357@abv.bg', 'Elen', 'Koleva', '0861505', '$2y$13$EBjr2qzc5nGzhdr7MSwBQ..VGg3UiDRWRh4PvTHdvIW/J7BoI.yJG', 1, '0000-00-00', '38bdf5958de39ec6af4061d0341db2e7.png'),
	(324, 'elena64672158@abv.bg', 'Elen', 'Koleva', '0861505', '$2y$13$EBjr2qzc5nGzhdr7MSwBQ..VGg3UiDRWRh4PvTHdvIW/J7BoI.yJG', 1, '0000-00-00', '38bdf5958de39ec6af4061d0341db2e7.png'),
	(325, 'elena14364158@abv.bg', 'Elen', 'Koleva', '0861505', '$2y$13$EBjr2qzc5nGzhdr7MSwBQ..VGg3UiDRWRh4PvTHdvIW/J7BoI.yJG', 1, '0000-00-00', '38bdf5958de39ec6af4061d0341db2e7.png'),
	(326, 'elena2898761@abv.bg', 'Elen', 'Koleva', '0861505', '$2y$13$EBjr2qzc5nGzhdr7MSwBQ..VGg3UiDRWRh4PvTHdvIW/J7BoI.yJG', 1, '0000-00-00', '38bdf5958de39ec6af4061d0341db2e7.png'),
	(327, 'elena26713651@abv.bg', 'Elen', 'Koleva', '0861505', '$2y$13$EBjr2qzc5nGzhdr7MSwBQ..VGg3UiDRWRh4PvTHdvIW/J7BoI.yJG', 1, '0000-00-00', '38bdf5958de39ec6af4061d0341db2e7.png'),
	(328, 'elena86045578@abv.bg', 'Elen', 'Koleva', '0861505', '$2y$13$EBjr2qzc5nGzhdr7MSwBQ..VGg3UiDRWRh4PvTHdvIW/J7BoI.yJG', 1, '0000-00-00', '38bdf5958de39ec6af4061d0341db2e7.png'),
	(329, 'elena87263069@abv.bg', 'Elen', 'Koleva', '0861505', '$2y$13$EBjr2qzc5nGzhdr7MSwBQ..VGg3UiDRWRh4PvTHdvIW/J7BoI.yJG', 1, '0000-00-00', '38bdf5958de39ec6af4061d0341db2e7.png'),
	(330, 'elena94661886@abv.bg', 'Elen', 'Koleva', '0861505', '$2y$13$EBjr2qzc5nGzhdr7MSwBQ..VGg3UiDRWRh4PvTHdvIW/J7BoI.yJG', 1, '0000-00-00', '38bdf5958de39ec6af4061d0341db2e7.png'),
	(331, 'elena58704109@abv.bg', 'Elen', 'Koleva', '0861505', '$2y$13$EBjr2qzc5nGzhdr7MSwBQ..VGg3UiDRWRh4PvTHdvIW/J7BoI.yJG', 1, '0000-00-00', '38bdf5958de39ec6af4061d0341db2e7.png'),
	(332, 'elena97155025@abv.bg', 'Elen', 'Koleva', '0861505', '$2y$13$EBjr2qzc5nGzhdr7MSwBQ..VGg3UiDRWRh4PvTHdvIW/J7BoI.yJG', 1, '0000-00-00', '38bdf5958de39ec6af4061d0341db2e7.png'),
	(333, 'elena60831853@abv.bg', 'Elen', 'Koleva', '0861505', '$2y$13$EBjr2qzc5nGzhdr7MSwBQ..VGg3UiDRWRh4PvTHdvIW/J7BoI.yJG', 1, '0000-00-00', '38bdf5958de39ec6af4061d0341db2e7.png'),
	(334, 'elena9063289@abv.bg', 'Elen', 'Koleva', '0861505', '$2y$13$EBjr2qzc5nGzhdr7MSwBQ..VGg3UiDRWRh4PvTHdvIW/J7BoI.yJG', 1, '0000-00-00', '38bdf5958de39ec6af4061d0341db2e7.png'),
	(335, 'elena98459656@abv.bg', 'Elen', 'Koleva', '0861505', '$2y$13$EBjr2qzc5nGzhdr7MSwBQ..VGg3UiDRWRh4PvTHdvIW/J7BoI.yJG', 1, '0000-00-00', '38bdf5958de39ec6af4061d0341db2e7.png'),
	(336, 'elena94897890@abv.bg', 'Elen', 'Koleva', '0861505', '$2y$13$EBjr2qzc5nGzhdr7MSwBQ..VGg3UiDRWRh4PvTHdvIW/J7BoI.yJG', 1, '0000-00-00', '38bdf5958de39ec6af4061d0341db2e7.png'),
	(337, 'elena83297809@abv.bg', 'Elen', 'Koleva', '0861505', '$2y$13$EBjr2qzc5nGzhdr7MSwBQ..VGg3UiDRWRh4PvTHdvIW/J7BoI.yJG', 1, '0000-00-00', '38bdf5958de39ec6af4061d0341db2e7.png'),
	(338, 'elena83702687@abv.bg', 'Elen', 'Koleva', '0861505', '$2y$13$EBjr2qzc5nGzhdr7MSwBQ..VGg3UiDRWRh4PvTHdvIW/J7BoI.yJG', 1, '0000-00-00', '38bdf5958de39ec6af4061d0341db2e7.png'),
	(339, 'elena7895202@abv.bg', 'Elen', 'Koleva', '0861505', '$2y$13$EBjr2qzc5nGzhdr7MSwBQ..VGg3UiDRWRh4PvTHdvIW/J7BoI.yJG', 1, '0000-00-00', '38bdf5958de39ec6af4061d0341db2e7.png'),
	(340, 'elena68538380@abv.bg', 'Elen', 'Koleva', '0861505', '$2y$13$EBjr2qzc5nGzhdr7MSwBQ..VGg3UiDRWRh4PvTHdvIW/J7BoI.yJG', 1, '0000-00-00', '38bdf5958de39ec6af4061d0341db2e7.png'),
	(341, 'elena2403221@abv.bg', 'Elen', 'Koleva', '0861505', '$2y$13$EBjr2qzc5nGzhdr7MSwBQ..VGg3UiDRWRh4PvTHdvIW/J7BoI.yJG', 1, '0000-00-00', '38bdf5958de39ec6af4061d0341db2e7.png'),
	(342, 'elena73403147@abv.bg', 'Elen', 'Koleva', '0861505', '$2y$13$EBjr2qzc5nGzhdr7MSwBQ..VGg3UiDRWRh4PvTHdvIW/J7BoI.yJG', 1, '0000-00-00', '38bdf5958de39ec6af4061d0341db2e7.png'),
	(343, 'elena91601227@abv.bg', 'Elen', 'Koleva', '0861505', '$2y$13$EBjr2qzc5nGzhdr7MSwBQ..VGg3UiDRWRh4PvTHdvIW/J7BoI.yJG', 1, '0000-00-00', '38bdf5958de39ec6af4061d0341db2e7.png'),
	(344, 'elena15319642@abv.bg', 'Elen', 'Koleva', '0861505', '$2y$13$EBjr2qzc5nGzhdr7MSwBQ..VGg3UiDRWRh4PvTHdvIW/J7BoI.yJG', 1, '0000-00-00', '38bdf5958de39ec6af4061d0341db2e7.png'),
	(345, 'elena7825402@abv.bg', 'Elen', 'Koleva', '0861505', '$2y$13$EBjr2qzc5nGzhdr7MSwBQ..VGg3UiDRWRh4PvTHdvIW/J7BoI.yJG', 1, '0000-00-00', '38bdf5958de39ec6af4061d0341db2e7.png'),
	(346, 'elena83561296@abv.bg', 'Elen', 'Koleva', '0861505', '$2y$13$EBjr2qzc5nGzhdr7MSwBQ..VGg3UiDRWRh4PvTHdvIW/J7BoI.yJG', 1, '0000-00-00', '38bdf5958de39ec6af4061d0341db2e7.png'),
	(347, 'elena79975050@abv.bg', 'Elen', 'Koleva', '0861505', '$2y$13$EBjr2qzc5nGzhdr7MSwBQ..VGg3UiDRWRh4PvTHdvIW/J7BoI.yJG', 1, '0000-00-00', '38bdf5958de39ec6af4061d0341db2e7.png'),
	(348, 'elena9888973@abv.bg', 'Elen', 'Koleva', '0861505', '$2y$13$EBjr2qzc5nGzhdr7MSwBQ..VGg3UiDRWRh4PvTHdvIW/J7BoI.yJG', 1, '0000-00-00', '38bdf5958de39ec6af4061d0341db2e7.png'),
	(349, 'elena36279747@abv.bg', 'Elen', 'Koleva', '0861505', '$2y$13$EBjr2qzc5nGzhdr7MSwBQ..VGg3UiDRWRh4PvTHdvIW/J7BoI.yJG', 1, '0000-00-00', '38bdf5958de39ec6af4061d0341db2e7.png'),
	(350, 'elena79203092@abv.bg', 'Elen', 'Koleva', '0861505', '$2y$13$EBjr2qzc5nGzhdr7MSwBQ..VGg3UiDRWRh4PvTHdvIW/J7BoI.yJG', 1, '0000-00-00', '38bdf5958de39ec6af4061d0341db2e7.png'),
	(351, 'elena35084818@abv.bg', 'Elen', 'Koleva', '0861505', '$2y$13$EBjr2qzc5nGzhdr7MSwBQ..VGg3UiDRWRh4PvTHdvIW/J7BoI.yJG', 1, '0000-00-00', '38bdf5958de39ec6af4061d0341db2e7.png'),
	(352, 'elena36285242@abv.bg', 'Elen', 'Koleva', '0861505', '$2y$13$EBjr2qzc5nGzhdr7MSwBQ..VGg3UiDRWRh4PvTHdvIW/J7BoI.yJG', 1, '0000-00-00', '38bdf5958de39ec6af4061d0341db2e7.png'),
	(353, 'elena10432324@abv.bg', 'Elen', 'Koleva', '0861505', '$2y$13$EBjr2qzc5nGzhdr7MSwBQ..VGg3UiDRWRh4PvTHdvIW/J7BoI.yJG', 1, '0000-00-00', '38bdf5958de39ec6af4061d0341db2e7.png'),
	(354, 'elena13752527@abv.bg', 'Elen', 'Koleva', '0861505', '$2y$13$EBjr2qzc5nGzhdr7MSwBQ..VGg3UiDRWRh4PvTHdvIW/J7BoI.yJG', 1, '0000-00-00', '38bdf5958de39ec6af4061d0341db2e7.png'),
	(355, 'elena33373944@abv.bg', 'Elen', 'Koleva', '0861505', '$2y$13$EBjr2qzc5nGzhdr7MSwBQ..VGg3UiDRWRh4PvTHdvIW/J7BoI.yJG', 1, '0000-00-00', '38bdf5958de39ec6af4061d0341db2e7.png'),
	(356, 'elena21786189@abv.bg', 'Elen', 'Koleva', '0861505', '$2y$13$EBjr2qzc5nGzhdr7MSwBQ..VGg3UiDRWRh4PvTHdvIW/J7BoI.yJG', 1, '0000-00-00', '38bdf5958de39ec6af4061d0341db2e7.png'),
	(357, 'elena90868805@abv.bg', 'Elen', 'Koleva', '0861505', '$2y$13$EBjr2qzc5nGzhdr7MSwBQ..VGg3UiDRWRh4PvTHdvIW/J7BoI.yJG', 1, '0000-00-00', '38bdf5958de39ec6af4061d0341db2e7.png'),
	(358, 'elena38324899@abv.bg', 'Elen', 'Koleva', '0861505', '$2y$13$EBjr2qzc5nGzhdr7MSwBQ..VGg3UiDRWRh4PvTHdvIW/J7BoI.yJG', 1, '0000-00-00', '38bdf5958de39ec6af4061d0341db2e7.png'),
	(359, 'elena72165685@abv.bg', 'Elen', 'Koleva', '0861505', '$2y$13$EBjr2qzc5nGzhdr7MSwBQ..VGg3UiDRWRh4PvTHdvIW/J7BoI.yJG', 1, '0000-00-00', '38bdf5958de39ec6af4061d0341db2e7.png'),
	(360, 'elena22212580@abv.bg', 'Elen', 'Koleva', '0861505', '$2y$13$EBjr2qzc5nGzhdr7MSwBQ..VGg3UiDRWRh4PvTHdvIW/J7BoI.yJG', 1, '0000-00-00', '38bdf5958de39ec6af4061d0341db2e7.png'),
	(361, 'elena4912534@abv.bg', 'Elen', 'Koleva', '0861505', '$2y$13$EBjr2qzc5nGzhdr7MSwBQ..VGg3UiDRWRh4PvTHdvIW/J7BoI.yJG', 1, '0000-00-00', '38bdf5958de39ec6af4061d0341db2e7.png'),
	(362, 'elena97463409@abv.bg', 'Elen', 'Koleva', '0861505', '$2y$13$EBjr2qzc5nGzhdr7MSwBQ..VGg3UiDRWRh4PvTHdvIW/J7BoI.yJG', 1, '0000-00-00', '38bdf5958de39ec6af4061d0341db2e7.png'),
	(363, 'elena68682325@abv.bg', 'Elen', 'Koleva', '0861505', '$2y$13$EBjr2qzc5nGzhdr7MSwBQ..VGg3UiDRWRh4PvTHdvIW/J7BoI.yJG', 1, '0000-00-00', '38bdf5958de39ec6af4061d0341db2e7.png'),
	(364, 'elena27513205@abv.bg', 'Elen', 'Koleva', '0861505', '$2y$13$EBjr2qzc5nGzhdr7MSwBQ..VGg3UiDRWRh4PvTHdvIW/J7BoI.yJG', 1, '0000-00-00', '38bdf5958de39ec6af4061d0341db2e7.png'),
	(365, 'elena46208453@abv.bg', 'Elen', 'Koleva', '0861505', '$2y$13$EBjr2qzc5nGzhdr7MSwBQ..VGg3UiDRWRh4PvTHdvIW/J7BoI.yJG', 1, '0000-00-00', '38bdf5958de39ec6af4061d0341db2e7.png'),
	(366, 'elena44482893@abv.bg', 'Elen', 'Koleva', '0861505', '$2y$13$EBjr2qzc5nGzhdr7MSwBQ..VGg3UiDRWRh4PvTHdvIW/J7BoI.yJG', 1, '0000-00-00', '38bdf5958de39ec6af4061d0341db2e7.png'),
	(367, 'elena35154653@abv.bg', 'Elen', 'Koleva', '0861505', '$2y$13$EBjr2qzc5nGzhdr7MSwBQ..VGg3UiDRWRh4PvTHdvIW/J7BoI.yJG', 1, '0000-00-00', '38bdf5958de39ec6af4061d0341db2e7.png'),
	(368, 'elena53958219@abv.bg', 'Elen', 'Koleva', '0861505', '$2y$13$EBjr2qzc5nGzhdr7MSwBQ..VGg3UiDRWRh4PvTHdvIW/J7BoI.yJG', 1, '0000-00-00', '38bdf5958de39ec6af4061d0341db2e7.png'),
	(369, 'elena86348901@abv.bg', 'Elen', 'Koleva', '0861505', '$2y$13$EBjr2qzc5nGzhdr7MSwBQ..VGg3UiDRWRh4PvTHdvIW/J7BoI.yJG', 1, '0000-00-00', '38bdf5958de39ec6af4061d0341db2e7.png'),
	(370, 'elena50342672@abv.bg', 'Elen', 'Koleva', '0861505', '$2y$13$EBjr2qzc5nGzhdr7MSwBQ..VGg3UiDRWRh4PvTHdvIW/J7BoI.yJG', 1, '0000-00-00', '38bdf5958de39ec6af4061d0341db2e7.png'),
	(371, 'elena25066945@abv.bg', 'Elen', 'Koleva', '0861505', '$2y$13$EBjr2qzc5nGzhdr7MSwBQ..VGg3UiDRWRh4PvTHdvIW/J7BoI.yJG', 1, '0000-00-00', '38bdf5958de39ec6af4061d0341db2e7.png'),
	(372, 'elena74122388@abv.bg', 'Elen', 'Koleva', '0861505', '$2y$13$EBjr2qzc5nGzhdr7MSwBQ..VGg3UiDRWRh4PvTHdvIW/J7BoI.yJG', 1, '0000-00-00', '38bdf5958de39ec6af4061d0341db2e7.png'),
	(373, 'elena79546536@abv.bg', 'Elen', 'Koleva', '0861505', '$2y$13$EBjr2qzc5nGzhdr7MSwBQ..VGg3UiDRWRh4PvTHdvIW/J7BoI.yJG', 1, '0000-00-00', '38bdf5958de39ec6af4061d0341db2e7.png'),
	(374, 'elena38888545@abv.bg', 'Elen', 'Koleva', '0861505', '$2y$13$EBjr2qzc5nGzhdr7MSwBQ..VGg3UiDRWRh4PvTHdvIW/J7BoI.yJG', 1, '0000-00-00', '38bdf5958de39ec6af4061d0341db2e7.png'),
	(375, 'elena76496017@abv.bg', 'Elen', 'Koleva', '0861505', '$2y$13$EBjr2qzc5nGzhdr7MSwBQ..VGg3UiDRWRh4PvTHdvIW/J7BoI.yJG', 1, '0000-00-00', '38bdf5958de39ec6af4061d0341db2e7.png'),
	(376, 'elena6936409@abv.bg', 'Elen', 'Koleva', '0861505', '$2y$13$EBjr2qzc5nGzhdr7MSwBQ..VGg3UiDRWRh4PvTHdvIW/J7BoI.yJG', 1, '0000-00-00', '38bdf5958de39ec6af4061d0341db2e7.png'),
	(377, 'elena76085780@abv.bg', 'Elen', 'Koleva', '0861505', '$2y$13$EBjr2qzc5nGzhdr7MSwBQ..VGg3UiDRWRh4PvTHdvIW/J7BoI.yJG', 1, '0000-00-00', '38bdf5958de39ec6af4061d0341db2e7.png'),
	(378, 'elena59154985@abv.bg', 'Elen', 'Koleva', '0861505', '$2y$13$EBjr2qzc5nGzhdr7MSwBQ..VGg3UiDRWRh4PvTHdvIW/J7BoI.yJG', 1, '0000-00-00', '38bdf5958de39ec6af4061d0341db2e7.png'),
	(379, 'elena77097846@abv.bg', 'Elen', 'Koleva', '0861505', '$2y$13$EBjr2qzc5nGzhdr7MSwBQ..VGg3UiDRWRh4PvTHdvIW/J7BoI.yJG', 1, '0000-00-00', '38bdf5958de39ec6af4061d0341db2e7.png'),
	(380, 'elena2369978@abv.bg', 'Elen', 'Koleva', '0861505', '$2y$13$EBjr2qzc5nGzhdr7MSwBQ..VGg3UiDRWRh4PvTHdvIW/J7BoI.yJG', 1, '0000-00-00', '38bdf5958de39ec6af4061d0341db2e7.png'),
	(381, 'elena84551329@abv.bg', 'Elen', 'Koleva', '0861505', '$2y$13$EBjr2qzc5nGzhdr7MSwBQ..VGg3UiDRWRh4PvTHdvIW/J7BoI.yJG', 1, '0000-00-00', '38bdf5958de39ec6af4061d0341db2e7.png'),
	(382, 'elena19419933@abv.bg', 'Elen', 'Koleva', '0861505', '$2y$13$EBjr2qzc5nGzhdr7MSwBQ..VGg3UiDRWRh4PvTHdvIW/J7BoI.yJG', 1, '0000-00-00', '38bdf5958de39ec6af4061d0341db2e7.png'),
	(383, 'elena76276236@abv.bg', 'Elen', 'Koleva', '0861505', '$2y$13$EBjr2qzc5nGzhdr7MSwBQ..VGg3UiDRWRh4PvTHdvIW/J7BoI.yJG', 1, '0000-00-00', '38bdf5958de39ec6af4061d0341db2e7.png'),
	(384, 'elena57372969@abv.bg', 'Elen', 'Koleva', '0861505', '$2y$13$EBjr2qzc5nGzhdr7MSwBQ..VGg3UiDRWRh4PvTHdvIW/J7BoI.yJG', 1, '0000-00-00', '38bdf5958de39ec6af4061d0341db2e7.png'),
	(385, 'elena45751904@abv.bg', 'Elen', 'Koleva', '0861505', '$2y$13$EBjr2qzc5nGzhdr7MSwBQ..VGg3UiDRWRh4PvTHdvIW/J7BoI.yJG', 1, '0000-00-00', '38bdf5958de39ec6af4061d0341db2e7.png'),
	(386, 'elena33228634@abv.bg', 'Elen', 'Koleva', '0861505', '$2y$13$EBjr2qzc5nGzhdr7MSwBQ..VGg3UiDRWRh4PvTHdvIW/J7BoI.yJG', 1, '0000-00-00', '38bdf5958de39ec6af4061d0341db2e7.png'),
	(387, 'elena37689637@abv.bg', 'Elen', 'Koleva', '0861505', '$2y$13$EBjr2qzc5nGzhdr7MSwBQ..VGg3UiDRWRh4PvTHdvIW/J7BoI.yJG', 1, '0000-00-00', '38bdf5958de39ec6af4061d0341db2e7.png'),
	(388, 'elena6091312@abv.bg', 'Elen', 'Koleva', '0861505', '$2y$13$EBjr2qzc5nGzhdr7MSwBQ..VGg3UiDRWRh4PvTHdvIW/J7BoI.yJG', 1, '0000-00-00', '38bdf5958de39ec6af4061d0341db2e7.png'),
	(389, 'elena44091393@abv.bg', 'Elen', 'Koleva', '0861505', '$2y$13$EBjr2qzc5nGzhdr7MSwBQ..VGg3UiDRWRh4PvTHdvIW/J7BoI.yJG', 1, '0000-00-00', '38bdf5958de39ec6af4061d0341db2e7.png'),
	(390, 'elena38407641@abv.bg', 'Elen', 'Koleva', '0861505', '$2y$13$EBjr2qzc5nGzhdr7MSwBQ..VGg3UiDRWRh4PvTHdvIW/J7BoI.yJG', 1, '0000-00-00', '38bdf5958de39ec6af4061d0341db2e7.png'),
	(391, 'elena86494102@abv.bg', 'Elen', 'Koleva', '0861505', '$2y$13$EBjr2qzc5nGzhdr7MSwBQ..VGg3UiDRWRh4PvTHdvIW/J7BoI.yJG', 1, '0000-00-00', '38bdf5958de39ec6af4061d0341db2e7.png'),
	(392, 'elena64676239@abv.bg', 'Elen', 'Koleva', '0861505', '$2y$13$EBjr2qzc5nGzhdr7MSwBQ..VGg3UiDRWRh4PvTHdvIW/J7BoI.yJG', 1, '0000-00-00', '38bdf5958de39ec6af4061d0341db2e7.png'),
	(393, 'elena78951680@abv.bg', 'Elen', 'Koleva', '0861505', '$2y$13$EBjr2qzc5nGzhdr7MSwBQ..VGg3UiDRWRh4PvTHdvIW/J7BoI.yJG', 1, '0000-00-00', '38bdf5958de39ec6af4061d0341db2e7.png'),
	(394, 'elena18793921@abv.bg', 'Elen', 'Koleva', '0861505', '$2y$13$EBjr2qzc5nGzhdr7MSwBQ..VGg3UiDRWRh4PvTHdvIW/J7BoI.yJG', 1, '0000-00-00', '38bdf5958de39ec6af4061d0341db2e7.png'),
	(395, 'elena64065446@abv.bg', 'Elen', 'Koleva', '0861505', '$2y$13$EBjr2qzc5nGzhdr7MSwBQ..VGg3UiDRWRh4PvTHdvIW/J7BoI.yJG', 1, '0000-00-00', '38bdf5958de39ec6af4061d0341db2e7.png'),
	(396, 'elena33579790@abv.bg', 'Elen', 'Koleva', '0861505', '$2y$13$EBjr2qzc5nGzhdr7MSwBQ..VGg3UiDRWRh4PvTHdvIW/J7BoI.yJG', 1, '0000-00-00', '38bdf5958de39ec6af4061d0341db2e7.png'),
	(397, 'elena79739386@abv.bg', 'Elen', 'Koleva', '0861505', '$2y$13$EBjr2qzc5nGzhdr7MSwBQ..VGg3UiDRWRh4PvTHdvIW/J7BoI.yJG', 1, '0000-00-00', '38bdf5958de39ec6af4061d0341db2e7.png'),
	(398, 'elena50865359@abv.bg', 'Elen', 'Koleva', '0861505', '$2y$13$EBjr2qzc5nGzhdr7MSwBQ..VGg3UiDRWRh4PvTHdvIW/J7BoI.yJG', 1, '0000-00-00', '38bdf5958de39ec6af4061d0341db2e7.png'),
	(399, 'elena9048521@abv.bg', 'Elen', 'Koleva', '0861505', '$2y$13$EBjr2qzc5nGzhdr7MSwBQ..VGg3UiDRWRh4PvTHdvIW/J7BoI.yJG', 1, '0000-00-00', '38bdf5958de39ec6af4061d0341db2e7.png'),
	(400, 'elena58842370@abv.bg', 'Elen', 'Koleva', '0861505', '$2y$13$EBjr2qzc5nGzhdr7MSwBQ..VGg3UiDRWRh4PvTHdvIW/J7BoI.yJG', 1, '0000-00-00', '38bdf5958de39ec6af4061d0341db2e7.png'),
	(401, 'elena79269241@abv.bg', 'Elen', 'Koleva', '0861505', '$2y$13$EBjr2qzc5nGzhdr7MSwBQ..VGg3UiDRWRh4PvTHdvIW/J7BoI.yJG', 1, '0000-00-00', '38bdf5958de39ec6af4061d0341db2e7.png'),
	(402, 'elena41982387@abv.bg', 'Elen', 'Koleva', '0861505', '$2y$13$EBjr2qzc5nGzhdr7MSwBQ..VGg3UiDRWRh4PvTHdvIW/J7BoI.yJG', 1, '0000-00-00', '38bdf5958de39ec6af4061d0341db2e7.png'),
	(403, 'elena69761936@abv.bg', 'Elen', 'Koleva', '0861505', '$2y$13$EBjr2qzc5nGzhdr7MSwBQ..VGg3UiDRWRh4PvTHdvIW/J7BoI.yJG', 1, '0000-00-00', '38bdf5958de39ec6af4061d0341db2e7.png'),
	(404, 'elena41673028@abv.bg', 'Elen', 'Koleva', '0861505', '$2y$13$EBjr2qzc5nGzhdr7MSwBQ..VGg3UiDRWRh4PvTHdvIW/J7BoI.yJG', 1, '0000-00-00', '38bdf5958de39ec6af4061d0341db2e7.png'),
	(405, 'elena70921248@abv.bg', 'Elen', 'Koleva', '0861505', '$2y$13$EBjr2qzc5nGzhdr7MSwBQ..VGg3UiDRWRh4PvTHdvIW/J7BoI.yJG', 1, '0000-00-00', '38bdf5958de39ec6af4061d0341db2e7.png'),
	(406, 'elena76585088@abv.bg', 'Elen', 'Koleva', '0861505', '$2y$13$EBjr2qzc5nGzhdr7MSwBQ..VGg3UiDRWRh4PvTHdvIW/J7BoI.yJG', 1, '0000-00-00', '38bdf5958de39ec6af4061d0341db2e7.png'),
	(407, 'elena5685565@abv.bg', 'Elen', 'Koleva', '0861505', '$2y$13$EBjr2qzc5nGzhdr7MSwBQ..VGg3UiDRWRh4PvTHdvIW/J7BoI.yJG', 1, '0000-00-00', '38bdf5958de39ec6af4061d0341db2e7.png'),
	(408, 'elena51774673@abv.bg', 'Elen', 'Koleva', '0861505', '$2y$13$EBjr2qzc5nGzhdr7MSwBQ..VGg3UiDRWRh4PvTHdvIW/J7BoI.yJG', 1, '0000-00-00', '38bdf5958de39ec6af4061d0341db2e7.png'),
	(409, 'elena87281648@abv.bg', 'Elen', 'Koleva', '0861505', '$2y$13$EBjr2qzc5nGzhdr7MSwBQ..VGg3UiDRWRh4PvTHdvIW/J7BoI.yJG', 1, '0000-00-00', '38bdf5958de39ec6af4061d0341db2e7.png'),
	(410, 'elena79514484@abv.bg', 'Elen', 'Koleva', '0861505', '$2y$13$EBjr2qzc5nGzhdr7MSwBQ..VGg3UiDRWRh4PvTHdvIW/J7BoI.yJG', 1, '0000-00-00', '38bdf5958de39ec6af4061d0341db2e7.png'),
	(411, 'elena77811745@abv.bg', 'Elen', 'Koleva', '0861505', '$2y$13$EBjr2qzc5nGzhdr7MSwBQ..VGg3UiDRWRh4PvTHdvIW/J7BoI.yJG', 1, '0000-00-00', '38bdf5958de39ec6af4061d0341db2e7.png'),
	(412, 'elena81786758@abv.bg', 'Elen', 'Koleva', '0861505', '$2y$13$EBjr2qzc5nGzhdr7MSwBQ..VGg3UiDRWRh4PvTHdvIW/J7BoI.yJG', 1, '0000-00-00', '38bdf5958de39ec6af4061d0341db2e7.png'),
	(413, 'elena85643201@abv.bg', 'Elen', 'Koleva', '0861505', '$2y$13$EBjr2qzc5nGzhdr7MSwBQ..VGg3UiDRWRh4PvTHdvIW/J7BoI.yJG', 1, '0000-00-00', '38bdf5958de39ec6af4061d0341db2e7.png'),
	(414, 'elena34544641@abv.bg', 'Elen', 'Koleva', '0861505', '$2y$13$EBjr2qzc5nGzhdr7MSwBQ..VGg3UiDRWRh4PvTHdvIW/J7BoI.yJG', 1, '0000-00-00', '38bdf5958de39ec6af4061d0341db2e7.png'),
	(415, 'elena20634132@abv.bg', 'Elen', 'Koleva', '0861505', '$2y$13$EBjr2qzc5nGzhdr7MSwBQ..VGg3UiDRWRh4PvTHdvIW/J7BoI.yJG', 1, '0000-00-00', '38bdf5958de39ec6af4061d0341db2e7.png'),
	(416, 'elena98304410@abv.bg', 'Elen', 'Koleva', '0861505', '$2y$13$EBjr2qzc5nGzhdr7MSwBQ..VGg3UiDRWRh4PvTHdvIW/J7BoI.yJG', 1, '0000-00-00', '38bdf5958de39ec6af4061d0341db2e7.png'),
	(417, 'elena7374672@abv.bg', 'Elen', 'Koleva', '0861505', '$2y$13$EBjr2qzc5nGzhdr7MSwBQ..VGg3UiDRWRh4PvTHdvIW/J7BoI.yJG', 1, '0000-00-00', '38bdf5958de39ec6af4061d0341db2e7.png'),
	(418, 'elena79656331@abv.bg', 'Elen', 'Koleva', '0861505', '$2y$13$EBjr2qzc5nGzhdr7MSwBQ..VGg3UiDRWRh4PvTHdvIW/J7BoI.yJG', 1, '0000-00-00', '38bdf5958de39ec6af4061d0341db2e7.png'),
	(419, 'elena50319737@abv.bg', 'Elen', 'Koleva', '0861505', '$2y$13$EBjr2qzc5nGzhdr7MSwBQ..VGg3UiDRWRh4PvTHdvIW/J7BoI.yJG', 1, '0000-00-00', '38bdf5958de39ec6af4061d0341db2e7.png'),
	(420, 'elena12304171@abv.bg', 'Elen', 'Koleva', '0861505', '$2y$13$EBjr2qzc5nGzhdr7MSwBQ..VGg3UiDRWRh4PvTHdvIW/J7BoI.yJG', 1, '0000-00-00', '38bdf5958de39ec6af4061d0341db2e7.png'),
	(421, 'elena55748731@abv.bg', 'Elen', 'Koleva', '0861505', '$2y$13$EBjr2qzc5nGzhdr7MSwBQ..VGg3UiDRWRh4PvTHdvIW/J7BoI.yJG', 1, '0000-00-00', '38bdf5958de39ec6af4061d0341db2e7.png'),
	(422, 'elena71548018@abv.bg', 'Elen', 'Koleva', '0861505', '$2y$13$EBjr2qzc5nGzhdr7MSwBQ..VGg3UiDRWRh4PvTHdvIW/J7BoI.yJG', 1, '0000-00-00', '38bdf5958de39ec6af4061d0341db2e7.png'),
	(423, 'elena11392575@abv.bg', 'Elen', 'Koleva', '0861505', '$2y$13$EBjr2qzc5nGzhdr7MSwBQ..VGg3UiDRWRh4PvTHdvIW/J7BoI.yJG', 1, '0000-00-00', '38bdf5958de39ec6af4061d0341db2e7.png'),
	(424, 'elena59135020@abv.bg', 'Elen', 'Koleva', '0861505', '$2y$13$EBjr2qzc5nGzhdr7MSwBQ..VGg3UiDRWRh4PvTHdvIW/J7BoI.yJG', 1, '0000-00-00', '38bdf5958de39ec6af4061d0341db2e7.png'),
	(425, 'elena986725@abv.bg', 'Elen', 'Koleva', '0861505', '$2y$13$EBjr2qzc5nGzhdr7MSwBQ..VGg3UiDRWRh4PvTHdvIW/J7BoI.yJG', 1, '0000-00-00', '38bdf5958de39ec6af4061d0341db2e7.png'),
	(426, 'elena46782443@abv.bg', 'Elen', 'Koleva', '0861505', '$2y$13$EBjr2qzc5nGzhdr7MSwBQ..VGg3UiDRWRh4PvTHdvIW/J7BoI.yJG', 1, '0000-00-00', '38bdf5958de39ec6af4061d0341db2e7.png'),
	(427, 'elena6635595@abv.bg', 'Elen', 'Koleva', '0861505', '$2y$13$EBjr2qzc5nGzhdr7MSwBQ..VGg3UiDRWRh4PvTHdvIW/J7BoI.yJG', 1, '0000-00-00', '38bdf5958de39ec6af4061d0341db2e7.png'),
	(428, 'elena994079@abv.bg', 'Elen', 'Koleva', '0861505', '$2y$13$EBjr2qzc5nGzhdr7MSwBQ..VGg3UiDRWRh4PvTHdvIW/J7BoI.yJG', 1, '0000-00-00', '38bdf5958de39ec6af4061d0341db2e7.png'),
	(429, 'elena58247300@abv.bg', 'Elen', 'Koleva', '0861505', '$2y$13$EBjr2qzc5nGzhdr7MSwBQ..VGg3UiDRWRh4PvTHdvIW/J7BoI.yJG', 1, '0000-00-00', '38bdf5958de39ec6af4061d0341db2e7.png'),
	(430, 'elena448130@abv.bg', 'Elen', 'Koleva', '0861505', '$2y$13$EBjr2qzc5nGzhdr7MSwBQ..VGg3UiDRWRh4PvTHdvIW/J7BoI.yJG', 1, '0000-00-00', '38bdf5958de39ec6af4061d0341db2e7.png'),
	(431, 'elena56793655@abv.bg', 'Elen', 'Koleva', '0861505', '$2y$13$EBjr2qzc5nGzhdr7MSwBQ..VGg3UiDRWRh4PvTHdvIW/J7BoI.yJG', 1, '0000-00-00', '38bdf5958de39ec6af4061d0341db2e7.png'),
	(432, 'elena38406278@abv.bg', 'Elen', 'Koleva', '0861505', '$2y$13$EBjr2qzc5nGzhdr7MSwBQ..VGg3UiDRWRh4PvTHdvIW/J7BoI.yJG', 1, '0000-00-00', '38bdf5958de39ec6af4061d0341db2e7.png'),
	(433, 'elena22012994@abv.bg', 'Elen', 'Koleva', '0861505', '$2y$13$EBjr2qzc5nGzhdr7MSwBQ..VGg3UiDRWRh4PvTHdvIW/J7BoI.yJG', 1, '0000-00-00', '38bdf5958de39ec6af4061d0341db2e7.png'),
	(434, 'elena93816863@abv.bg', 'Elen', 'Koleva', '0861505', '$2y$13$EBjr2qzc5nGzhdr7MSwBQ..VGg3UiDRWRh4PvTHdvIW/J7BoI.yJG', 1, '0000-00-00', '38bdf5958de39ec6af4061d0341db2e7.png'),
	(435, 'elena86869038@abv.bg', 'Elen', 'Koleva', '0861505', '$2y$13$EBjr2qzc5nGzhdr7MSwBQ..VGg3UiDRWRh4PvTHdvIW/J7BoI.yJG', 1, '0000-00-00', '38bdf5958de39ec6af4061d0341db2e7.png'),
	(436, 'elena72679468@abv.bg', 'Elen', 'Koleva', '0861505', '$2y$13$EBjr2qzc5nGzhdr7MSwBQ..VGg3UiDRWRh4PvTHdvIW/J7BoI.yJG', 1, '0000-00-00', '38bdf5958de39ec6af4061d0341db2e7.png'),
	(437, 'elena49218444@abv.bg', 'Elen', 'Koleva', '0861505', '$2y$13$EBjr2qzc5nGzhdr7MSwBQ..VGg3UiDRWRh4PvTHdvIW/J7BoI.yJG', 1, '0000-00-00', '38bdf5958de39ec6af4061d0341db2e7.png'),
	(438, 'elena82135522@abv.bg', 'Elen', 'Koleva', '0861505', '$2y$13$EBjr2qzc5nGzhdr7MSwBQ..VGg3UiDRWRh4PvTHdvIW/J7BoI.yJG', 1, '0000-00-00', '38bdf5958de39ec6af4061d0341db2e7.png'),
	(439, 'elena4465315@abv.bg', 'Elen', 'Koleva', '0861505', '$2y$13$EBjr2qzc5nGzhdr7MSwBQ..VGg3UiDRWRh4PvTHdvIW/J7BoI.yJG', 1, '0000-00-00', '38bdf5958de39ec6af4061d0341db2e7.png'),
	(440, 'elena24855664@abv.bg', 'Elen', 'Koleva', '0861505', '$2y$13$EBjr2qzc5nGzhdr7MSwBQ..VGg3UiDRWRh4PvTHdvIW/J7BoI.yJG', 1, '0000-00-00', '38bdf5958de39ec6af4061d0341db2e7.png'),
	(441, 'elena72243756@abv.bg', 'Elen', 'Koleva', '0861505', '$2y$13$EBjr2qzc5nGzhdr7MSwBQ..VGg3UiDRWRh4PvTHdvIW/J7BoI.yJG', 1, '0000-00-00', '38bdf5958de39ec6af4061d0341db2e7.png'),
	(442, 'elena50502973@abv.bg', 'Elen', 'Koleva', '0861505', '$2y$13$EBjr2qzc5nGzhdr7MSwBQ..VGg3UiDRWRh4PvTHdvIW/J7BoI.yJG', 1, '0000-00-00', '38bdf5958de39ec6af4061d0341db2e7.png'),
	(443, 'elena93177063@abv.bg', 'Elen', 'Koleva', '0861505', '$2y$13$EBjr2qzc5nGzhdr7MSwBQ..VGg3UiDRWRh4PvTHdvIW/J7BoI.yJG', 1, '0000-00-00', '38bdf5958de39ec6af4061d0341db2e7.png'),
	(444, 'elena81211764@abv.bg', 'Elen', 'Koleva', '0861505', '$2y$13$EBjr2qzc5nGzhdr7MSwBQ..VGg3UiDRWRh4PvTHdvIW/J7BoI.yJG', 1, '0000-00-00', '38bdf5958de39ec6af4061d0341db2e7.png'),
	(445, 'elena87319064@abv.bg', 'Elen', 'Koleva', '0861505', '$2y$13$EBjr2qzc5nGzhdr7MSwBQ..VGg3UiDRWRh4PvTHdvIW/J7BoI.yJG', 1, '0000-00-00', '38bdf5958de39ec6af4061d0341db2e7.png'),
	(446, 'elena6331106@abv.bg', 'Elen', 'Koleva', '0861505', '$2y$13$EBjr2qzc5nGzhdr7MSwBQ..VGg3UiDRWRh4PvTHdvIW/J7BoI.yJG', 1, '0000-00-00', '38bdf5958de39ec6af4061d0341db2e7.png'),
	(447, 'elena29213130@abv.bg', 'Elen', 'Koleva', '0861505', '$2y$13$EBjr2qzc5nGzhdr7MSwBQ..VGg3UiDRWRh4PvTHdvIW/J7BoI.yJG', 1, '0000-00-00', '38bdf5958de39ec6af4061d0341db2e7.png'),
	(448, 'elena9543308@abv.bg', 'Elen', 'Koleva', '0861505', '$2y$13$EBjr2qzc5nGzhdr7MSwBQ..VGg3UiDRWRh4PvTHdvIW/J7BoI.yJG', 1, '0000-00-00', '38bdf5958de39ec6af4061d0341db2e7.png'),
	(449, 'elena38659987@abv.bg', 'Elen', 'Koleva', '0861505', '$2y$13$EBjr2qzc5nGzhdr7MSwBQ..VGg3UiDRWRh4PvTHdvIW/J7BoI.yJG', 1, '0000-00-00', '38bdf5958de39ec6af4061d0341db2e7.png'),
	(450, 'elena43434239@abv.bg', 'Elen', 'Koleva', '0861505', '$2y$13$EBjr2qzc5nGzhdr7MSwBQ..VGg3UiDRWRh4PvTHdvIW/J7BoI.yJG', 1, '0000-00-00', '38bdf5958de39ec6af4061d0341db2e7.png'),
	(451, 'elena43309467@abv.bg', 'Elen', 'Koleva', '0861505', '$2y$13$EBjr2qzc5nGzhdr7MSwBQ..VGg3UiDRWRh4PvTHdvIW/J7BoI.yJG', 1, '0000-00-00', '38bdf5958de39ec6af4061d0341db2e7.png'),
	(452, 'elena98569181@abv.bg', 'Elen', 'Koleva', '0861505', '$2y$13$EBjr2qzc5nGzhdr7MSwBQ..VGg3UiDRWRh4PvTHdvIW/J7BoI.yJG', 1, '0000-00-00', '38bdf5958de39ec6af4061d0341db2e7.png'),
	(453, 'elena56404218@abv.bg', 'Elen', 'Koleva', '0861505', '$2y$13$EBjr2qzc5nGzhdr7MSwBQ..VGg3UiDRWRh4PvTHdvIW/J7BoI.yJG', 1, '0000-00-00', '38bdf5958de39ec6af4061d0341db2e7.png'),
	(454, 'elena31414484@abv.bg', 'Elen', 'Koleva', '0861505', '$2y$13$EBjr2qzc5nGzhdr7MSwBQ..VGg3UiDRWRh4PvTHdvIW/J7BoI.yJG', 1, '0000-00-00', '38bdf5958de39ec6af4061d0341db2e7.png'),
	(455, 'elena10256053@abv.bg', 'Elen', 'Koleva', '0861505', '$2y$13$EBjr2qzc5nGzhdr7MSwBQ..VGg3UiDRWRh4PvTHdvIW/J7BoI.yJG', 1, '0000-00-00', '38bdf5958de39ec6af4061d0341db2e7.png'),
	(456, 'elena70682025@abv.bg', 'Elen', 'Koleva', '0861505', '$2y$13$EBjr2qzc5nGzhdr7MSwBQ..VGg3UiDRWRh4PvTHdvIW/J7BoI.yJG', 1, '0000-00-00', '38bdf5958de39ec6af4061d0341db2e7.png'),
	(457, 'elena3468485@abv.bg', 'Elen', 'Koleva', '0861505', '$2y$13$EBjr2qzc5nGzhdr7MSwBQ..VGg3UiDRWRh4PvTHdvIW/J7BoI.yJG', 1, '0000-00-00', '38bdf5958de39ec6af4061d0341db2e7.png'),
	(458, 'elena67383070@abv.bg', 'Elen', 'Koleva', '0861505', '$2y$13$EBjr2qzc5nGzhdr7MSwBQ..VGg3UiDRWRh4PvTHdvIW/J7BoI.yJG', 1, '0000-00-00', '38bdf5958de39ec6af4061d0341db2e7.png'),
	(459, 'elena54523371@abv.bg', 'Elen', 'Koleva', '0861505', '$2y$13$EBjr2qzc5nGzhdr7MSwBQ..VGg3UiDRWRh4PvTHdvIW/J7BoI.yJG', 1, '0000-00-00', '38bdf5958de39ec6af4061d0341db2e7.png'),
	(460, 'elena30137326@abv.bg', 'Elen', 'Koleva', '0861505', '$2y$13$EBjr2qzc5nGzhdr7MSwBQ..VGg3UiDRWRh4PvTHdvIW/J7BoI.yJG', 1, '0000-00-00', '38bdf5958de39ec6af4061d0341db2e7.png'),
	(461, 'elena92755103@abv.bg', 'Elen', 'Koleva', '0861505', '$2y$13$EBjr2qzc5nGzhdr7MSwBQ..VGg3UiDRWRh4PvTHdvIW/J7BoI.yJG', 1, '0000-00-00', '38bdf5958de39ec6af4061d0341db2e7.png'),
	(462, 'elena10648403@abv.bg', 'Elen', 'Koleva', '0861505', '$2y$13$EBjr2qzc5nGzhdr7MSwBQ..VGg3UiDRWRh4PvTHdvIW/J7BoI.yJG', 1, '0000-00-00', '38bdf5958de39ec6af4061d0341db2e7.png'),
	(463, 'elena89193133@abv.bg', 'Elen', 'Koleva', '0861505', '$2y$13$EBjr2qzc5nGzhdr7MSwBQ..VGg3UiDRWRh4PvTHdvIW/J7BoI.yJG', 1, '0000-00-00', '38bdf5958de39ec6af4061d0341db2e7.png'),
	(464, 'elena40994375@abv.bg', 'Elen', 'Koleva', '0861505', '$2y$13$EBjr2qzc5nGzhdr7MSwBQ..VGg3UiDRWRh4PvTHdvIW/J7BoI.yJG', 1, '0000-00-00', '38bdf5958de39ec6af4061d0341db2e7.png'),
	(465, 'elena6144254@abv.bg', 'Elen', 'Koleva', '0861505', '$2y$13$EBjr2qzc5nGzhdr7MSwBQ..VGg3UiDRWRh4PvTHdvIW/J7BoI.yJG', 1, '0000-00-00', '38bdf5958de39ec6af4061d0341db2e7.png'),
	(466, 'elena5628795@abv.bg', 'Elen', 'Koleva', '0861505', '$2y$13$EBjr2qzc5nGzhdr7MSwBQ..VGg3UiDRWRh4PvTHdvIW/J7BoI.yJG', 1, '0000-00-00', '38bdf5958de39ec6af4061d0341db2e7.png'),
	(467, 'elena78995634@abv.bg', 'Elen', 'Koleva', '0861505', '$2y$13$EBjr2qzc5nGzhdr7MSwBQ..VGg3UiDRWRh4PvTHdvIW/J7BoI.yJG', 1, '0000-00-00', '38bdf5958de39ec6af4061d0341db2e7.png'),
	(468, 'elena13257444@abv.bg', 'Elen', 'Koleva', '0861505', '$2y$13$EBjr2qzc5nGzhdr7MSwBQ..VGg3UiDRWRh4PvTHdvIW/J7BoI.yJG', 1, '0000-00-00', '38bdf5958de39ec6af4061d0341db2e7.png'),
	(469, 'elena6262155@abv.bg', 'Elen', 'Koleva', '0861505', '$2y$13$EBjr2qzc5nGzhdr7MSwBQ..VGg3UiDRWRh4PvTHdvIW/J7BoI.yJG', 1, '0000-00-00', '38bdf5958de39ec6af4061d0341db2e7.png'),
	(470, 'elena1185119@abv.bg', 'Elen', 'Koleva', '0861505', '$2y$13$EBjr2qzc5nGzhdr7MSwBQ..VGg3UiDRWRh4PvTHdvIW/J7BoI.yJG', 1, '0000-00-00', '38bdf5958de39ec6af4061d0341db2e7.png'),
	(471, 'elena54776351@abv.bg', 'Elen', 'Koleva', '0861505', '$2y$13$EBjr2qzc5nGzhdr7MSwBQ..VGg3UiDRWRh4PvTHdvIW/J7BoI.yJG', 1, '0000-00-00', '38bdf5958de39ec6af4061d0341db2e7.png'),
	(472, 'elena90335113@abv.bg', 'Elen', 'Koleva', '0861505', '$2y$13$EBjr2qzc5nGzhdr7MSwBQ..VGg3UiDRWRh4PvTHdvIW/J7BoI.yJG', 1, '0000-00-00', '38bdf5958de39ec6af4061d0341db2e7.png'),
	(473, 'elena55292308@abv.bg', 'Elen', 'Koleva', '0861505', '$2y$13$EBjr2qzc5nGzhdr7MSwBQ..VGg3UiDRWRh4PvTHdvIW/J7BoI.yJG', 1, '0000-00-00', '38bdf5958de39ec6af4061d0341db2e7.png'),
	(474, 'elena56788064@abv.bg', 'Elen', 'Koleva', '0861505', '$2y$13$EBjr2qzc5nGzhdr7MSwBQ..VGg3UiDRWRh4PvTHdvIW/J7BoI.yJG', 1, '0000-00-00', '38bdf5958de39ec6af4061d0341db2e7.png'),
	(475, 'elena62947323@abv.bg', 'Elen', 'Koleva', '0861505', '$2y$13$EBjr2qzc5nGzhdr7MSwBQ..VGg3UiDRWRh4PvTHdvIW/J7BoI.yJG', 1, '0000-00-00', '38bdf5958de39ec6af4061d0341db2e7.png'),
	(476, 'elena57678743@abv.bg', 'Elen', 'Koleva', '0861505', '$2y$13$EBjr2qzc5nGzhdr7MSwBQ..VGg3UiDRWRh4PvTHdvIW/J7BoI.yJG', 1, '0000-00-00', '38bdf5958de39ec6af4061d0341db2e7.png'),
	(477, 'elena76568223@abv.bg', 'Elen', 'Koleva', '0861505', '$2y$13$EBjr2qzc5nGzhdr7MSwBQ..VGg3UiDRWRh4PvTHdvIW/J7BoI.yJG', 1, '0000-00-00', '38bdf5958de39ec6af4061d0341db2e7.png'),
	(478, 'elena45783277@abv.bg', 'Elen', 'Koleva', '0861505', '$2y$13$EBjr2qzc5nGzhdr7MSwBQ..VGg3UiDRWRh4PvTHdvIW/J7BoI.yJG', 1, '0000-00-00', '38bdf5958de39ec6af4061d0341db2e7.png'),
	(479, 'elena74713503@abv.bg', 'Elen', 'Koleva', '0861505', '$2y$13$EBjr2qzc5nGzhdr7MSwBQ..VGg3UiDRWRh4PvTHdvIW/J7BoI.yJG', 1, '0000-00-00', '38bdf5958de39ec6af4061d0341db2e7.png'),
	(480, 'elena68309766@abv.bg', 'Elen', 'Koleva', '0861505', '$2y$13$EBjr2qzc5nGzhdr7MSwBQ..VGg3UiDRWRh4PvTHdvIW/J7BoI.yJG', 1, '0000-00-00', '38bdf5958de39ec6af4061d0341db2e7.png'),
	(481, 'elena53963220@abv.bg', 'Elen', 'Koleva', '0861505', '$2y$13$EBjr2qzc5nGzhdr7MSwBQ..VGg3UiDRWRh4PvTHdvIW/J7BoI.yJG', 1, '0000-00-00', '38bdf5958de39ec6af4061d0341db2e7.png'),
	(482, 'elena37709289@abv.bg', 'Elen', 'Koleva', '0861505', '$2y$13$EBjr2qzc5nGzhdr7MSwBQ..VGg3UiDRWRh4PvTHdvIW/J7BoI.yJG', 1, '0000-00-00', '38bdf5958de39ec6af4061d0341db2e7.png'),
	(483, 'elena63881032@abv.bg', 'Elen', 'Koleva', '0861505', '$2y$13$EBjr2qzc5nGzhdr7MSwBQ..VGg3UiDRWRh4PvTHdvIW/J7BoI.yJG', 1, '0000-00-00', '38bdf5958de39ec6af4061d0341db2e7.png'),
	(484, 'elena82416446@abv.bg', 'Elen', 'Koleva', '0861505', '$2y$13$EBjr2qzc5nGzhdr7MSwBQ..VGg3UiDRWRh4PvTHdvIW/J7BoI.yJG', 1, '0000-00-00', '38bdf5958de39ec6af4061d0341db2e7.png'),
	(485, 'elena67934333@abv.bg', 'Elen', 'Koleva', '0861505', '$2y$13$EBjr2qzc5nGzhdr7MSwBQ..VGg3UiDRWRh4PvTHdvIW/J7BoI.yJG', 1, '0000-00-00', '38bdf5958de39ec6af4061d0341db2e7.png'),
	(486, 'elena54054426@abv.bg', 'Elen', 'Koleva', '0861505', '$2y$13$EBjr2qzc5nGzhdr7MSwBQ..VGg3UiDRWRh4PvTHdvIW/J7BoI.yJG', 1, '0000-00-00', '38bdf5958de39ec6af4061d0341db2e7.png'),
	(487, 'elena36928053@abv.bg', 'Elen', 'Koleva', '0861505', '$2y$13$EBjr2qzc5nGzhdr7MSwBQ..VGg3UiDRWRh4PvTHdvIW/J7BoI.yJG', 1, '0000-00-00', '38bdf5958de39ec6af4061d0341db2e7.png'),
	(488, 'elena49894827@abv.bg', 'Elen', 'Koleva', '0861505', '$2y$13$EBjr2qzc5nGzhdr7MSwBQ..VGg3UiDRWRh4PvTHdvIW/J7BoI.yJG', 1, '0000-00-00', '38bdf5958de39ec6af4061d0341db2e7.png'),
	(489, 'elena69567@abv.bg', 'Elen', 'Koleva', '0861505', '$2y$13$EBjr2qzc5nGzhdr7MSwBQ..VGg3UiDRWRh4PvTHdvIW/J7BoI.yJG', 1, '0000-00-00', '38bdf5958de39ec6af4061d0341db2e7.png'),
	(490, 'elena85046604@abv.bg', 'Elen', 'Koleva', '0861505', '$2y$13$EBjr2qzc5nGzhdr7MSwBQ..VGg3UiDRWRh4PvTHdvIW/J7BoI.yJG', 1, '0000-00-00', '38bdf5958de39ec6af4061d0341db2e7.png'),
	(491, 'elena13134019@abv.bg', 'Elen', 'Koleva', '0861505', '$2y$13$EBjr2qzc5nGzhdr7MSwBQ..VGg3UiDRWRh4PvTHdvIW/J7BoI.yJG', 1, '0000-00-00', '38bdf5958de39ec6af4061d0341db2e7.png'),
	(492, 'elena48171198@abv.bg', 'Elen', 'Koleva', '0861505', '$2y$13$EBjr2qzc5nGzhdr7MSwBQ..VGg3UiDRWRh4PvTHdvIW/J7BoI.yJG', 1, '0000-00-00', '38bdf5958de39ec6af4061d0341db2e7.png'),
	(493, 'elena74084796@abv.bg', 'Elen', 'Koleva', '0861505', '$2y$13$EBjr2qzc5nGzhdr7MSwBQ..VGg3UiDRWRh4PvTHdvIW/J7BoI.yJG', 1, '0000-00-00', '38bdf5958de39ec6af4061d0341db2e7.png'),
	(494, 'elena72581021@abv.bg', 'Elen', 'Koleva', '0861505', '$2y$13$EBjr2qzc5nGzhdr7MSwBQ..VGg3UiDRWRh4PvTHdvIW/J7BoI.yJG', 1, '0000-00-00', '38bdf5958de39ec6af4061d0341db2e7.png'),
	(495, 'elena90261970@abv.bg', 'Elen', 'Koleva', '0861505', '$2y$13$EBjr2qzc5nGzhdr7MSwBQ..VGg3UiDRWRh4PvTHdvIW/J7BoI.yJG', 1, '0000-00-00', '38bdf5958de39ec6af4061d0341db2e7.png'),
	(496, 'elena87405354@abv.bg', 'Elen', 'Koleva', '0861505', '$2y$13$EBjr2qzc5nGzhdr7MSwBQ..VGg3UiDRWRh4PvTHdvIW/J7BoI.yJG', 1, '0000-00-00', '38bdf5958de39ec6af4061d0341db2e7.png'),
	(497, 'elena2505080@abv.bg', 'Elen', 'Koleva', '0861505', '$2y$13$EBjr2qzc5nGzhdr7MSwBQ..VGg3UiDRWRh4PvTHdvIW/J7BoI.yJG', 1, '0000-00-00', '38bdf5958de39ec6af4061d0341db2e7.png'),
	(498, 'elena76243524@abv.bg', 'Elen', 'Koleva', '0861505', '$2y$13$EBjr2qzc5nGzhdr7MSwBQ..VGg3UiDRWRh4PvTHdvIW/J7BoI.yJG', 1, '0000-00-00', '38bdf5958de39ec6af4061d0341db2e7.png'),
	(499, 'elena89173461@abv.bg', 'Elen', 'Koleva', '0861505', '$2y$13$EBjr2qzc5nGzhdr7MSwBQ..VGg3UiDRWRh4PvTHdvIW/J7BoI.yJG', 1, '0000-00-00', '38bdf5958de39ec6af4061d0341db2e7.png'),
	(500, 'elena50176840@abv.bg', 'Elen', 'Koleva', '0861505', '$2y$13$EBjr2qzc5nGzhdr7MSwBQ..VGg3UiDRWRh4PvTHdvIW/J7BoI.yJG', 1, '0000-00-00', '38bdf5958de39ec6af4061d0341db2e7.png'),
	(501, 'elena5804643@abv.bg', 'Elen', 'Koleva', '0861505', '$2y$13$EBjr2qzc5nGzhdr7MSwBQ..VGg3UiDRWRh4PvTHdvIW/J7BoI.yJG', 1, '0000-00-00', '38bdf5958de39ec6af4061d0341db2e7.png'),
	(502, 'elena82091215@abv.bg', 'Elen', 'Koleva', '0861505', '$2y$13$EBjr2qzc5nGzhdr7MSwBQ..VGg3UiDRWRh4PvTHdvIW/J7BoI.yJG', 1, '0000-00-00', '38bdf5958de39ec6af4061d0341db2e7.png'),
	(503, 'elena64227672@abv.bg', 'Elen', 'Koleva', '0861505', '$2y$13$EBjr2qzc5nGzhdr7MSwBQ..VGg3UiDRWRh4PvTHdvIW/J7BoI.yJG', 1, '0000-00-00', '38bdf5958de39ec6af4061d0341db2e7.png'),
	(504, 'elena77458901@abv.bg', 'Elen', 'Koleva', '0861505', '$2y$13$EBjr2qzc5nGzhdr7MSwBQ..VGg3UiDRWRh4PvTHdvIW/J7BoI.yJG', 1, '0000-00-00', '38bdf5958de39ec6af4061d0341db2e7.png'),
	(505, 'elena53261980@abv.bg', 'Elen', 'Koleva', '0861505', '$2y$13$EBjr2qzc5nGzhdr7MSwBQ..VGg3UiDRWRh4PvTHdvIW/J7BoI.yJG', 1, '0000-00-00', '38bdf5958de39ec6af4061d0341db2e7.png'),
	(506, 'elena59316436@abv.bg', 'Elen', 'Koleva', '0861505', '$2y$13$EBjr2qzc5nGzhdr7MSwBQ..VGg3UiDRWRh4PvTHdvIW/J7BoI.yJG', 1, '0000-00-00', '38bdf5958de39ec6af4061d0341db2e7.png'),
	(507, 'elena75568329@abv.bg', 'Elen', 'Koleva', '0861505', '$2y$13$EBjr2qzc5nGzhdr7MSwBQ..VGg3UiDRWRh4PvTHdvIW/J7BoI.yJG', 1, '0000-00-00', '38bdf5958de39ec6af4061d0341db2e7.png'),
	(508, 'elena12683069@abv.bg', 'Elen', 'Koleva', '0861505', '$2y$13$EBjr2qzc5nGzhdr7MSwBQ..VGg3UiDRWRh4PvTHdvIW/J7BoI.yJG', 1, '0000-00-00', '38bdf5958de39ec6af4061d0341db2e7.png'),
	(509, 'elena80818703@abv.bg', 'Elen', 'Koleva', '0861505', '$2y$13$EBjr2qzc5nGzhdr7MSwBQ..VGg3UiDRWRh4PvTHdvIW/J7BoI.yJG', 1, '0000-00-00', '38bdf5958de39ec6af4061d0341db2e7.png'),
	(510, 'elena5991808@abv.bg', 'Elen', 'Koleva', '0861505', '$2y$13$EBjr2qzc5nGzhdr7MSwBQ..VGg3UiDRWRh4PvTHdvIW/J7BoI.yJG', 1, '0000-00-00', '38bdf5958de39ec6af4061d0341db2e7.png'),
	(511, 'elena8532949@abv.bg', 'Elen', 'Koleva', '0861505', '$2y$13$EBjr2qzc5nGzhdr7MSwBQ..VGg3UiDRWRh4PvTHdvIW/J7BoI.yJG', 1, '0000-00-00', '38bdf5958de39ec6af4061d0341db2e7.png'),
	(512, 'elena36966977@abv.bg', 'Elen', 'Koleva', '0861505', '$2y$13$EBjr2qzc5nGzhdr7MSwBQ..VGg3UiDRWRh4PvTHdvIW/J7BoI.yJG', 1, '0000-00-00', '38bdf5958de39ec6af4061d0341db2e7.png'),
	(513, 'elena26668391@abv.bg', 'Elen', 'Koleva', '0861505', '$2y$13$EBjr2qzc5nGzhdr7MSwBQ..VGg3UiDRWRh4PvTHdvIW/J7BoI.yJG', 1, '0000-00-00', '38bdf5958de39ec6af4061d0341db2e7.png'),
	(514, 'elena98134927@abv.bg', 'Elen', 'Koleva', '0861505', '$2y$13$EBjr2qzc5nGzhdr7MSwBQ..VGg3UiDRWRh4PvTHdvIW/J7BoI.yJG', 1, '0000-00-00', '38bdf5958de39ec6af4061d0341db2e7.png'),
	(515, 'elena12724016@abv.bg', 'Elen', 'Koleva', '0861505', '$2y$13$EBjr2qzc5nGzhdr7MSwBQ..VGg3UiDRWRh4PvTHdvIW/J7BoI.yJG', 1, '0000-00-00', '38bdf5958de39ec6af4061d0341db2e7.png'),
	(516, 'elena39136903@abv.bg', 'Elen', 'Koleva', '0861505', '$2y$13$EBjr2qzc5nGzhdr7MSwBQ..VGg3UiDRWRh4PvTHdvIW/J7BoI.yJG', 1, '0000-00-00', '38bdf5958de39ec6af4061d0341db2e7.png'),
	(517, 'elena2598169@abv.bg', 'Elen', 'Koleva', '0861505', '$2y$13$EBjr2qzc5nGzhdr7MSwBQ..VGg3UiDRWRh4PvTHdvIW/J7BoI.yJG', 1, '0000-00-00', '38bdf5958de39ec6af4061d0341db2e7.png'),
	(518, 'elena81775093@abv.bg', 'Elen', 'Koleva', '0861505', '$2y$13$EBjr2qzc5nGzhdr7MSwBQ..VGg3UiDRWRh4PvTHdvIW/J7BoI.yJG', 1, '0000-00-00', '38bdf5958de39ec6af4061d0341db2e7.png'),
	(519, 'elena8877528@abv.bg', 'Elen', 'Koleva', '0861505', '$2y$13$EBjr2qzc5nGzhdr7MSwBQ..VGg3UiDRWRh4PvTHdvIW/J7BoI.yJG', 1, '0000-00-00', '38bdf5958de39ec6af4061d0341db2e7.png'),
	(520, 'elena78939842@abv.bg', 'Elen', 'Koleva', '0861505', '$2y$13$EBjr2qzc5nGzhdr7MSwBQ..VGg3UiDRWRh4PvTHdvIW/J7BoI.yJG', 1, '0000-00-00', '38bdf5958de39ec6af4061d0341db2e7.png'),
	(521, 'elena49598065@abv.bg', 'Elen', 'Koleva', '0861505', '$2y$13$EBjr2qzc5nGzhdr7MSwBQ..VGg3UiDRWRh4PvTHdvIW/J7BoI.yJG', 1, '0000-00-00', '38bdf5958de39ec6af4061d0341db2e7.png'),
	(522, 'elena72798134@abv.bg', 'Elen', 'Koleva', '0861505', '$2y$13$EBjr2qzc5nGzhdr7MSwBQ..VGg3UiDRWRh4PvTHdvIW/J7BoI.yJG', 1, '0000-00-00', '38bdf5958de39ec6af4061d0341db2e7.png'),
	(523, 'elena29615342@abv.bg', 'Elen', 'Koleva', '0861505', '$2y$13$EBjr2qzc5nGzhdr7MSwBQ..VGg3UiDRWRh4PvTHdvIW/J7BoI.yJG', 1, '0000-00-00', '38bdf5958de39ec6af4061d0341db2e7.png'),
	(524, 'elena61424432@abv.bg', 'Elen', 'Koleva', '0861505', '$2y$13$EBjr2qzc5nGzhdr7MSwBQ..VGg3UiDRWRh4PvTHdvIW/J7BoI.yJG', 1, '0000-00-00', '38bdf5958de39ec6af4061d0341db2e7.png'),
	(525, 'elena5273166@abv.bg', 'Elen', 'Koleva', '0861505', '$2y$13$EBjr2qzc5nGzhdr7MSwBQ..VGg3UiDRWRh4PvTHdvIW/J7BoI.yJG', 1, '0000-00-00', '38bdf5958de39ec6af4061d0341db2e7.png'),
	(526, 'elena47513430@abv.bg', 'Elen', 'Koleva', '0861505', '$2y$13$EBjr2qzc5nGzhdr7MSwBQ..VGg3UiDRWRh4PvTHdvIW/J7BoI.yJG', 1, '0000-00-00', '38bdf5958de39ec6af4061d0341db2e7.png'),
	(527, 'elena84521064@abv.bg', 'Elen', 'Koleva', '0861505', '$2y$13$EBjr2qzc5nGzhdr7MSwBQ..VGg3UiDRWRh4PvTHdvIW/J7BoI.yJG', 1, '0000-00-00', '38bdf5958de39ec6af4061d0341db2e7.png'),
	(528, 'elena48439578@abv.bg', 'Elen', 'Koleva', '0861505', '$2y$13$EBjr2qzc5nGzhdr7MSwBQ..VGg3UiDRWRh4PvTHdvIW/J7BoI.yJG', 1, '0000-00-00', '38bdf5958de39ec6af4061d0341db2e7.png'),
	(529, 'elena98109047@abv.bg', 'Elen', 'Koleva', '0861505', '$2y$13$EBjr2qzc5nGzhdr7MSwBQ..VGg3UiDRWRh4PvTHdvIW/J7BoI.yJG', 1, '0000-00-00', '38bdf5958de39ec6af4061d0341db2e7.png'),
	(530, 'elena10481348@abv.bg', 'Elen', 'Koleva', '0861505', '$2y$13$EBjr2qzc5nGzhdr7MSwBQ..VGg3UiDRWRh4PvTHdvIW/J7BoI.yJG', 1, '0000-00-00', '38bdf5958de39ec6af4061d0341db2e7.png'),
	(531, 'elena85023995@abv.bg', 'Elen', 'Koleva', '0861505', '$2y$13$EBjr2qzc5nGzhdr7MSwBQ..VGg3UiDRWRh4PvTHdvIW/J7BoI.yJG', 1, '0000-00-00', '38bdf5958de39ec6af4061d0341db2e7.png'),
	(532, 'elena47996093@abv.bg', 'Elen', 'Koleva', '0861505', '$2y$13$EBjr2qzc5nGzhdr7MSwBQ..VGg3UiDRWRh4PvTHdvIW/J7BoI.yJG', 1, '0000-00-00', '38bdf5958de39ec6af4061d0341db2e7.png'),
	(533, 'elena97881358@abv.bg', 'Elen', 'Koleva', '0861505', '$2y$13$EBjr2qzc5nGzhdr7MSwBQ..VGg3UiDRWRh4PvTHdvIW/J7BoI.yJG', 1, '0000-00-00', '38bdf5958de39ec6af4061d0341db2e7.png'),
	(534, 'elena80834576@abv.bg', 'Elen', 'Koleva', '0861505', '$2y$13$EBjr2qzc5nGzhdr7MSwBQ..VGg3UiDRWRh4PvTHdvIW/J7BoI.yJG', 1, '0000-00-00', '38bdf5958de39ec6af4061d0341db2e7.png'),
	(535, 'elena13118772@abv.bg', 'Elen', 'Koleva', '0861505', '$2y$13$EBjr2qzc5nGzhdr7MSwBQ..VGg3UiDRWRh4PvTHdvIW/J7BoI.yJG', 1, '0000-00-00', '38bdf5958de39ec6af4061d0341db2e7.png'),
	(536, 'elena31823526@abv.bg', 'Elen', 'Koleva', '0861505', '$2y$13$EBjr2qzc5nGzhdr7MSwBQ..VGg3UiDRWRh4PvTHdvIW/J7BoI.yJG', 1, '0000-00-00', '38bdf5958de39ec6af4061d0341db2e7.png'),
	(537, 'elena2755978@abv.bg', 'Elen', 'Koleva', '0861505', '$2y$13$EBjr2qzc5nGzhdr7MSwBQ..VGg3UiDRWRh4PvTHdvIW/J7BoI.yJG', 1, '0000-00-00', '38bdf5958de39ec6af4061d0341db2e7.png'),
	(538, 'elena1024393@abv.bg', 'Elen', 'Koleva', '0861505', '$2y$13$EBjr2qzc5nGzhdr7MSwBQ..VGg3UiDRWRh4PvTHdvIW/J7BoI.yJG', 1, '0000-00-00', '38bdf5958de39ec6af4061d0341db2e7.png'),
	(539, 'elena9637580@abv.bg', 'Elen', 'Koleva', '0861505', '$2y$13$EBjr2qzc5nGzhdr7MSwBQ..VGg3UiDRWRh4PvTHdvIW/J7BoI.yJG', 1, '0000-00-00', '38bdf5958de39ec6af4061d0341db2e7.png'),
	(540, 'elena4597925@abv.bg', 'Elen', 'Koleva', '0861505', '$2y$13$EBjr2qzc5nGzhdr7MSwBQ..VGg3UiDRWRh4PvTHdvIW/J7BoI.yJG', 1, '0000-00-00', '38bdf5958de39ec6af4061d0341db2e7.png'),
	(541, 'elena85428789@abv.bg', 'Elen', 'Koleva', '0861505', '$2y$13$EBjr2qzc5nGzhdr7MSwBQ..VGg3UiDRWRh4PvTHdvIW/J7BoI.yJG', 1, '0000-00-00', '38bdf5958de39ec6af4061d0341db2e7.png'),
	(542, 'elena95418505@abv.bg', 'Elen', 'Koleva', '0861505', '$2y$13$EBjr2qzc5nGzhdr7MSwBQ..VGg3UiDRWRh4PvTHdvIW/J7BoI.yJG', 1, '0000-00-00', '38bdf5958de39ec6af4061d0341db2e7.png'),
	(543, 'elena79211926@abv.bg', 'Elen', 'Koleva', '0861505', '$2y$13$EBjr2qzc5nGzhdr7MSwBQ..VGg3UiDRWRh4PvTHdvIW/J7BoI.yJG', 1, '0000-00-00', '38bdf5958de39ec6af4061d0341db2e7.png'),
	(544, 'elena65391695@abv.bg', 'Elen', 'Koleva', '0861505', '$2y$13$EBjr2qzc5nGzhdr7MSwBQ..VGg3UiDRWRh4PvTHdvIW/J7BoI.yJG', 1, '0000-00-00', '38bdf5958de39ec6af4061d0341db2e7.png'),
	(545, 'elena69297293@abv.bg', 'Elen', 'Koleva', '0861505', '$2y$13$EBjr2qzc5nGzhdr7MSwBQ..VGg3UiDRWRh4PvTHdvIW/J7BoI.yJG', 1, '0000-00-00', '38bdf5958de39ec6af4061d0341db2e7.png'),
	(546, 'elena25469080@abv.bg', 'Elen', 'Koleva', '0861505', '$2y$13$EBjr2qzc5nGzhdr7MSwBQ..VGg3UiDRWRh4PvTHdvIW/J7BoI.yJG', 1, '0000-00-00', '38bdf5958de39ec6af4061d0341db2e7.png'),
	(547, 'elena72129241@abv.bg', 'Elen', 'Koleva', '0861505', '$2y$13$EBjr2qzc5nGzhdr7MSwBQ..VGg3UiDRWRh4PvTHdvIW/J7BoI.yJG', 1, '0000-00-00', '38bdf5958de39ec6af4061d0341db2e7.png'),
	(548, 'elena76946580@abv.bg', 'Elen', 'Koleva', '0861505', '$2y$13$EBjr2qzc5nGzhdr7MSwBQ..VGg3UiDRWRh4PvTHdvIW/J7BoI.yJG', 1, '0000-00-00', '38bdf5958de39ec6af4061d0341db2e7.png'),
	(549, 'elena51085845@abv.bg', 'Elen', 'Koleva', '0861505', '$2y$13$EBjr2qzc5nGzhdr7MSwBQ..VGg3UiDRWRh4PvTHdvIW/J7BoI.yJG', 1, '0000-00-00', '38bdf5958de39ec6af4061d0341db2e7.png'),
	(550, 'elena18123957@abv.bg', 'Elen', 'Koleva', '0861505', '$2y$13$EBjr2qzc5nGzhdr7MSwBQ..VGg3UiDRWRh4PvTHdvIW/J7BoI.yJG', 1, '0000-00-00', '38bdf5958de39ec6af4061d0341db2e7.png'),
	(551, 'elena91893872@abv.bg', 'Elen', 'Koleva', '0861505', '$2y$13$EBjr2qzc5nGzhdr7MSwBQ..VGg3UiDRWRh4PvTHdvIW/J7BoI.yJG', 1, '0000-00-00', '38bdf5958de39ec6af4061d0341db2e7.png'),
	(552, 'elena1516693@abv.bg', 'Elen', 'Koleva', '0861505', '$2y$13$EBjr2qzc5nGzhdr7MSwBQ..VGg3UiDRWRh4PvTHdvIW/J7BoI.yJG', 1, '0000-00-00', '38bdf5958de39ec6af4061d0341db2e7.png'),
	(553, 'elena32379554@abv.bg', 'Elen', 'Koleva', '0861505', '$2y$13$EBjr2qzc5nGzhdr7MSwBQ..VGg3UiDRWRh4PvTHdvIW/J7BoI.yJG', 1, '0000-00-00', '38bdf5958de39ec6af4061d0341db2e7.png'),
	(554, 'elena16102840@abv.bg', 'Elen', 'Koleva', '0861505', '$2y$13$EBjr2qzc5nGzhdr7MSwBQ..VGg3UiDRWRh4PvTHdvIW/J7BoI.yJG', 1, '0000-00-00', '38bdf5958de39ec6af4061d0341db2e7.png'),
	(555, 'elena87571017@abv.bg', 'Elen', 'Koleva', '0861505', '$2y$13$EBjr2qzc5nGzhdr7MSwBQ..VGg3UiDRWRh4PvTHdvIW/J7BoI.yJG', 1, '0000-00-00', '38bdf5958de39ec6af4061d0341db2e7.png'),
	(556, 'elena28892022@abv.bg', 'Elen', 'Koleva', '0861505', '$2y$13$EBjr2qzc5nGzhdr7MSwBQ..VGg3UiDRWRh4PvTHdvIW/J7BoI.yJG', 1, '0000-00-00', '38bdf5958de39ec6af4061d0341db2e7.png'),
	(557, 'elena76256293@abv.bg', 'Elen', 'Koleva', '0861505', '$2y$13$EBjr2qzc5nGzhdr7MSwBQ..VGg3UiDRWRh4PvTHdvIW/J7BoI.yJG', 1, '0000-00-00', '38bdf5958de39ec6af4061d0341db2e7.png'),
	(558, 'elena2367536@abv.bg', 'Elen', 'Koleva', '0861505', '$2y$13$EBjr2qzc5nGzhdr7MSwBQ..VGg3UiDRWRh4PvTHdvIW/J7BoI.yJG', 1, '0000-00-00', '38bdf5958de39ec6af4061d0341db2e7.png'),
	(559, 'elena21014707@abv.bg', 'Elen', 'Koleva', '0861505', '$2y$13$EBjr2qzc5nGzhdr7MSwBQ..VGg3UiDRWRh4PvTHdvIW/J7BoI.yJG', 1, '0000-00-00', '38bdf5958de39ec6af4061d0341db2e7.png'),
	(560, 'elena26577687@abv.bg', 'Elen', 'Koleva', '0861505', '$2y$13$EBjr2qzc5nGzhdr7MSwBQ..VGg3UiDRWRh4PvTHdvIW/J7BoI.yJG', 1, '0000-00-00', '38bdf5958de39ec6af4061d0341db2e7.png'),
	(561, 'elena47031744@abv.bg', 'Elen', 'Koleva', '0861505', '$2y$13$EBjr2qzc5nGzhdr7MSwBQ..VGg3UiDRWRh4PvTHdvIW/J7BoI.yJG', 1, '0000-00-00', '38bdf5958de39ec6af4061d0341db2e7.png'),
	(562, 'elena6931200@abv.bg', 'Elen', 'Koleva', '0861505', '$2y$13$EBjr2qzc5nGzhdr7MSwBQ..VGg3UiDRWRh4PvTHdvIW/J7BoI.yJG', 1, '0000-00-00', '38bdf5958de39ec6af4061d0341db2e7.png'),
	(563, 'elena34416842@abv.bg', 'Elen', 'Koleva', '0861505', '$2y$13$EBjr2qzc5nGzhdr7MSwBQ..VGg3UiDRWRh4PvTHdvIW/J7BoI.yJG', 1, '0000-00-00', '38bdf5958de39ec6af4061d0341db2e7.png'),
	(564, 'elena47721872@abv.bg', 'Elen', 'Koleva', '0861505', '$2y$13$EBjr2qzc5nGzhdr7MSwBQ..VGg3UiDRWRh4PvTHdvIW/J7BoI.yJG', 1, '0000-00-00', '38bdf5958de39ec6af4061d0341db2e7.png'),
	(565, 'elena11332094@abv.bg', 'Elen', 'Koleva', '0861505', '$2y$13$EBjr2qzc5nGzhdr7MSwBQ..VGg3UiDRWRh4PvTHdvIW/J7BoI.yJG', 1, '0000-00-00', '38bdf5958de39ec6af4061d0341db2e7.png'),
	(566, 'elena65458758@abv.bg', 'Elen', 'Koleva', '0861505', '$2y$13$EBjr2qzc5nGzhdr7MSwBQ..VGg3UiDRWRh4PvTHdvIW/J7BoI.yJG', 1, '0000-00-00', '38bdf5958de39ec6af4061d0341db2e7.png'),
	(567, 'elena61973836@abv.bg', 'Elen', 'Koleva', '0861505', '$2y$13$EBjr2qzc5nGzhdr7MSwBQ..VGg3UiDRWRh4PvTHdvIW/J7BoI.yJG', 1, '0000-00-00', '38bdf5958de39ec6af4061d0341db2e7.png'),
	(568, 'elena1215538@abv.bg', 'Elen', 'Koleva', '0861505', '$2y$13$EBjr2qzc5nGzhdr7MSwBQ..VGg3UiDRWRh4PvTHdvIW/J7BoI.yJG', 1, '0000-00-00', '38bdf5958de39ec6af4061d0341db2e7.png'),
	(569, 'elena7927334@abv.bg', 'Elen', 'Koleva', '0861505', '$2y$13$EBjr2qzc5nGzhdr7MSwBQ..VGg3UiDRWRh4PvTHdvIW/J7BoI.yJG', 1, '0000-00-00', '38bdf5958de39ec6af4061d0341db2e7.png'),
	(570, 'elena81729470@abv.bg', 'Elen', 'Koleva', '0861505', '$2y$13$EBjr2qzc5nGzhdr7MSwBQ..VGg3UiDRWRh4PvTHdvIW/J7BoI.yJG', 1, '0000-00-00', '38bdf5958de39ec6af4061d0341db2e7.png'),
	(571, 'elena65432492@abv.bg', 'Elen', 'Koleva', '0861505', '$2y$13$EBjr2qzc5nGzhdr7MSwBQ..VGg3UiDRWRh4PvTHdvIW/J7BoI.yJG', 1, '0000-00-00', '38bdf5958de39ec6af4061d0341db2e7.png'),
	(572, 'elena84367632@abv.bg', 'Elen', 'Koleva', '0861505', '$2y$13$EBjr2qzc5nGzhdr7MSwBQ..VGg3UiDRWRh4PvTHdvIW/J7BoI.yJG', 1, '0000-00-00', '38bdf5958de39ec6af4061d0341db2e7.png'),
	(573, 'elena66343651@abv.bg', 'Elen', 'Koleva', '0861505', '$2y$13$EBjr2qzc5nGzhdr7MSwBQ..VGg3UiDRWRh4PvTHdvIW/J7BoI.yJG', 1, '0000-00-00', '38bdf5958de39ec6af4061d0341db2e7.png'),
	(574, 'elena69326717@abv.bg', 'Elen', 'Koleva', '0861505', '$2y$13$EBjr2qzc5nGzhdr7MSwBQ..VGg3UiDRWRh4PvTHdvIW/J7BoI.yJG', 1, '0000-00-00', '38bdf5958de39ec6af4061d0341db2e7.png'),
	(575, 'elena46091368@abv.bg', 'Elen', 'Koleva', '0861505', '$2y$13$EBjr2qzc5nGzhdr7MSwBQ..VGg3UiDRWRh4PvTHdvIW/J7BoI.yJG', 1, '0000-00-00', '38bdf5958de39ec6af4061d0341db2e7.png'),
	(576, 'elena50397842@abv.bg', 'Elen', 'Koleva', '0861505', '$2y$13$EBjr2qzc5nGzhdr7MSwBQ..VGg3UiDRWRh4PvTHdvIW/J7BoI.yJG', 1, '0000-00-00', '38bdf5958de39ec6af4061d0341db2e7.png'),
	(577, 'elena85422888@abv.bg', 'Elen', 'Koleva', '0861505', '$2y$13$EBjr2qzc5nGzhdr7MSwBQ..VGg3UiDRWRh4PvTHdvIW/J7BoI.yJG', 1, '0000-00-00', '38bdf5958de39ec6af4061d0341db2e7.png'),
	(578, 'elena9971085@abv.bg', 'Elen', 'Koleva', '0861505', '$2y$13$EBjr2qzc5nGzhdr7MSwBQ..VGg3UiDRWRh4PvTHdvIW/J7BoI.yJG', 1, '0000-00-00', '38bdf5958de39ec6af4061d0341db2e7.png'),
	(579, 'elena86806444@abv.bg', 'Elen', 'Koleva', '0861505', '$2y$13$EBjr2qzc5nGzhdr7MSwBQ..VGg3UiDRWRh4PvTHdvIW/J7BoI.yJG', 1, '0000-00-00', '38bdf5958de39ec6af4061d0341db2e7.png'),
	(580, 'elena48706858@abv.bg', 'Elen', 'Koleva', '0861505', '$2y$13$EBjr2qzc5nGzhdr7MSwBQ..VGg3UiDRWRh4PvTHdvIW/J7BoI.yJG', 1, '0000-00-00', '38bdf5958de39ec6af4061d0341db2e7.png'),
	(581, 'elena53873990@abv.bg', 'Elen', 'Koleva', '0861505', '$2y$13$EBjr2qzc5nGzhdr7MSwBQ..VGg3UiDRWRh4PvTHdvIW/J7BoI.yJG', 1, '0000-00-00', '38bdf5958de39ec6af4061d0341db2e7.png'),
	(582, 'elena23379262@abv.bg', 'Elen', 'Koleva', '0861505', '$2y$13$EBjr2qzc5nGzhdr7MSwBQ..VGg3UiDRWRh4PvTHdvIW/J7BoI.yJG', 1, '0000-00-00', '38bdf5958de39ec6af4061d0341db2e7.png'),
	(583, 'elena12392616@abv.bg', 'Elen', 'Koleva', '0861505', '$2y$13$EBjr2qzc5nGzhdr7MSwBQ..VGg3UiDRWRh4PvTHdvIW/J7BoI.yJG', 1, '0000-00-00', '38bdf5958de39ec6af4061d0341db2e7.png'),
	(584, 'elena23153932@abv.bg', 'Elen', 'Koleva', '0861505', '$2y$13$EBjr2qzc5nGzhdr7MSwBQ..VGg3UiDRWRh4PvTHdvIW/J7BoI.yJG', 1, '0000-00-00', '38bdf5958de39ec6af4061d0341db2e7.png'),
	(585, 'elena72242769@abv.bg', 'Elen', 'Koleva', '0861505', '$2y$13$EBjr2qzc5nGzhdr7MSwBQ..VGg3UiDRWRh4PvTHdvIW/J7BoI.yJG', 1, '0000-00-00', '38bdf5958de39ec6af4061d0341db2e7.png'),
	(586, 'elena20002619@abv.bg', 'Elen', 'Koleva', '0861505', '$2y$13$EBjr2qzc5nGzhdr7MSwBQ..VGg3UiDRWRh4PvTHdvIW/J7BoI.yJG', 1, '0000-00-00', '38bdf5958de39ec6af4061d0341db2e7.png'),
	(587, 'elena19146271@abv.bg', 'Elen', 'Koleva', '0861505', '$2y$13$EBjr2qzc5nGzhdr7MSwBQ..VGg3UiDRWRh4PvTHdvIW/J7BoI.yJG', 1, '0000-00-00', '38bdf5958de39ec6af4061d0341db2e7.png'),
	(588, 'elena27992080@abv.bg', 'Elen', 'Koleva', '0861505', '$2y$13$EBjr2qzc5nGzhdr7MSwBQ..VGg3UiDRWRh4PvTHdvIW/J7BoI.yJG', 1, '0000-00-00', '38bdf5958de39ec6af4061d0341db2e7.png'),
	(589, 'elena92288630@abv.bg', 'Elen', 'Koleva', '0861505', '$2y$13$EBjr2qzc5nGzhdr7MSwBQ..VGg3UiDRWRh4PvTHdvIW/J7BoI.yJG', 1, '0000-00-00', '38bdf5958de39ec6af4061d0341db2e7.png'),
	(590, 'elena22259113@abv.bg', 'Elen', 'Koleva', '0861505', '$2y$13$EBjr2qzc5nGzhdr7MSwBQ..VGg3UiDRWRh4PvTHdvIW/J7BoI.yJG', 1, '0000-00-00', '38bdf5958de39ec6af4061d0341db2e7.png'),
	(591, 'elena51259300@abv.bg', 'Elen', 'Koleva', '0861505', '$2y$13$EBjr2qzc5nGzhdr7MSwBQ..VGg3UiDRWRh4PvTHdvIW/J7BoI.yJG', 1, '0000-00-00', '38bdf5958de39ec6af4061d0341db2e7.png'),
	(592, 'elena17917227@abv.bg', 'Elen', 'Koleva', '0861505', '$2y$13$EBjr2qzc5nGzhdr7MSwBQ..VGg3UiDRWRh4PvTHdvIW/J7BoI.yJG', 1, '0000-00-00', '38bdf5958de39ec6af4061d0341db2e7.png'),
	(593, 'elena85312866@abv.bg', 'Elen', 'Koleva', '0861505', '$2y$13$EBjr2qzc5nGzhdr7MSwBQ..VGg3UiDRWRh4PvTHdvIW/J7BoI.yJG', 1, '0000-00-00', '38bdf5958de39ec6af4061d0341db2e7.png'),
	(594, 'elena45146040@abv.bg', 'Elen', 'Koleva', '0861505', '$2y$13$EBjr2qzc5nGzhdr7MSwBQ..VGg3UiDRWRh4PvTHdvIW/J7BoI.yJG', 1, '0000-00-00', '38bdf5958de39ec6af4061d0341db2e7.png'),
	(595, 'elena80384556@abv.bg', 'Elen', 'Koleva', '0861505', '$2y$13$EBjr2qzc5nGzhdr7MSwBQ..VGg3UiDRWRh4PvTHdvIW/J7BoI.yJG', 1, '0000-00-00', '38bdf5958de39ec6af4061d0341db2e7.png'),
	(596, 'elena66422528@abv.bg', 'Elen', 'Koleva', '0861505', '$2y$13$EBjr2qzc5nGzhdr7MSwBQ..VGg3UiDRWRh4PvTHdvIW/J7BoI.yJG', 1, '0000-00-00', '38bdf5958de39ec6af4061d0341db2e7.png'),
	(597, 'elena41028810@abv.bg', 'Elen', 'Koleva', '0861505', '$2y$13$EBjr2qzc5nGzhdr7MSwBQ..VGg3UiDRWRh4PvTHdvIW/J7BoI.yJG', 1, '0000-00-00', '38bdf5958de39ec6af4061d0341db2e7.png'),
	(598, 'elena83003069@abv.bg', 'Elen', 'Koleva', '0861505', '$2y$13$EBjr2qzc5nGzhdr7MSwBQ..VGg3UiDRWRh4PvTHdvIW/J7BoI.yJG', 1, '0000-00-00', '38bdf5958de39ec6af4061d0341db2e7.png'),
	(599, 'elena97815434@abv.bg', 'Elen', 'Koleva', '0861505', '$2y$13$EBjr2qzc5nGzhdr7MSwBQ..VGg3UiDRWRh4PvTHdvIW/J7BoI.yJG', 1, '0000-00-00', '38bdf5958de39ec6af4061d0341db2e7.png'),
	(600, 'elena8506534@abv.bg', 'Elen', 'Koleva', '0861505', '$2y$13$EBjr2qzc5nGzhdr7MSwBQ..VGg3UiDRWRh4PvTHdvIW/J7BoI.yJG', 1, '0000-00-00', '38bdf5958de39ec6af4061d0341db2e7.png'),
	(601, 'elena59651728@abv.bg', 'Elen', 'Koleva', '0861505', '$2y$13$EBjr2qzc5nGzhdr7MSwBQ..VGg3UiDRWRh4PvTHdvIW/J7BoI.yJG', 1, '0000-00-00', '38bdf5958de39ec6af4061d0341db2e7.png'),
	(602, 'elena88809669@abv.bg', 'Elen', 'Koleva', '0861505', '$2y$13$EBjr2qzc5nGzhdr7MSwBQ..VGg3UiDRWRh4PvTHdvIW/J7BoI.yJG', 1, '0000-00-00', '38bdf5958de39ec6af4061d0341db2e7.png'),
	(603, 'elena97865943@abv.bg', 'Elen', 'Koleva', '0861505', '$2y$13$EBjr2qzc5nGzhdr7MSwBQ..VGg3UiDRWRh4PvTHdvIW/J7BoI.yJG', 1, '0000-00-00', '38bdf5958de39ec6af4061d0341db2e7.png'),
	(604, 'elena47251466@abv.bg', 'Elen', 'Koleva', '0861505', '$2y$13$EBjr2qzc5nGzhdr7MSwBQ..VGg3UiDRWRh4PvTHdvIW/J7BoI.yJG', 1, '0000-00-00', '38bdf5958de39ec6af4061d0341db2e7.png'),
	(605, 'elena3261249@abv.bg', 'Elen', 'Koleva', '0861505', '$2y$13$EBjr2qzc5nGzhdr7MSwBQ..VGg3UiDRWRh4PvTHdvIW/J7BoI.yJG', 1, '0000-00-00', '38bdf5958de39ec6af4061d0341db2e7.png'),
	(606, 'elena41397081@abv.bg', 'Elen', 'Koleva', '0861505', '$2y$13$EBjr2qzc5nGzhdr7MSwBQ..VGg3UiDRWRh4PvTHdvIW/J7BoI.yJG', 1, '0000-00-00', '38bdf5958de39ec6af4061d0341db2e7.png'),
	(607, 'elena66442890@abv.bg', 'Elen', 'Koleva', '0861505', '$2y$13$EBjr2qzc5nGzhdr7MSwBQ..VGg3UiDRWRh4PvTHdvIW/J7BoI.yJG', 1, '0000-00-00', '38bdf5958de39ec6af4061d0341db2e7.png'),
	(608, 'elena12351724@abv.bg', 'Elen', 'Koleva', '0861505', '$2y$13$EBjr2qzc5nGzhdr7MSwBQ..VGg3UiDRWRh4PvTHdvIW/J7BoI.yJG', 1, '0000-00-00', '38bdf5958de39ec6af4061d0341db2e7.png'),
	(609, 'elena65494564@abv.bg', 'Elen', 'Koleva', '0861505', '$2y$13$EBjr2qzc5nGzhdr7MSwBQ..VGg3UiDRWRh4PvTHdvIW/J7BoI.yJG', 1, '0000-00-00', '38bdf5958de39ec6af4061d0341db2e7.png'),
	(610, 'elena76898158@abv.bg', 'Elen', 'Koleva', '0861505', '$2y$13$EBjr2qzc5nGzhdr7MSwBQ..VGg3UiDRWRh4PvTHdvIW/J7BoI.yJG', 1, '0000-00-00', '38bdf5958de39ec6af4061d0341db2e7.png'),
	(611, 'elena24388920@abv.bg', 'Elen', 'Koleva', '0861505', '$2y$13$EBjr2qzc5nGzhdr7MSwBQ..VGg3UiDRWRh4PvTHdvIW/J7BoI.yJG', 1, '0000-00-00', '38bdf5958de39ec6af4061d0341db2e7.png'),
	(612, 'elena9333135@abv.bg', 'Elen', 'Koleva', '0861505', '$2y$13$EBjr2qzc5nGzhdr7MSwBQ..VGg3UiDRWRh4PvTHdvIW/J7BoI.yJG', 1, '0000-00-00', '38bdf5958de39ec6af4061d0341db2e7.png'),
	(613, 'elena39724432@abv.bg', 'Elen', 'Koleva', '0861505', '$2y$13$EBjr2qzc5nGzhdr7MSwBQ..VGg3UiDRWRh4PvTHdvIW/J7BoI.yJG', 1, '0000-00-00', '38bdf5958de39ec6af4061d0341db2e7.png'),
	(614, 'elena79803472@abv.bg', 'Elen', 'Koleva', '0861505', '$2y$13$EBjr2qzc5nGzhdr7MSwBQ..VGg3UiDRWRh4PvTHdvIW/J7BoI.yJG', 1, '0000-00-00', '38bdf5958de39ec6af4061d0341db2e7.png'),
	(615, 'elena34575601@abv.bg', 'Elen', 'Koleva', '0861505', '$2y$13$EBjr2qzc5nGzhdr7MSwBQ..VGg3UiDRWRh4PvTHdvIW/J7BoI.yJG', 1, '0000-00-00', '38bdf5958de39ec6af4061d0341db2e7.png'),
	(616, 'elena35012922@abv.bg', 'Elen', 'Koleva', '0861505', '$2y$13$EBjr2qzc5nGzhdr7MSwBQ..VGg3UiDRWRh4PvTHdvIW/J7BoI.yJG', 1, '0000-00-00', '38bdf5958de39ec6af4061d0341db2e7.png'),
	(617, 'elena6146185@abv.bg', 'Elen', 'Koleva', '0861505', '$2y$13$EBjr2qzc5nGzhdr7MSwBQ..VGg3UiDRWRh4PvTHdvIW/J7BoI.yJG', 1, '0000-00-00', '38bdf5958de39ec6af4061d0341db2e7.png'),
	(618, 'elena2529367@abv.bg', 'Elen', 'Koleva', '0861505', '$2y$13$EBjr2qzc5nGzhdr7MSwBQ..VGg3UiDRWRh4PvTHdvIW/J7BoI.yJG', 1, '0000-00-00', '38bdf5958de39ec6af4061d0341db2e7.png'),
	(619, 'elena63435117@abv.bg', 'Elen', 'Koleva', '0861505', '$2y$13$EBjr2qzc5nGzhdr7MSwBQ..VGg3UiDRWRh4PvTHdvIW/J7BoI.yJG', 1, '0000-00-00', '38bdf5958de39ec6af4061d0341db2e7.png'),
	(620, 'elena81757747@abv.bg', 'Elen', 'Koleva', '0861505', '$2y$13$EBjr2qzc5nGzhdr7MSwBQ..VGg3UiDRWRh4PvTHdvIW/J7BoI.yJG', 1, '0000-00-00', '38bdf5958de39ec6af4061d0341db2e7.png'),
	(621, 'elena52348442@abv.bg', 'Elen', 'Koleva', '0861505', '$2y$13$EBjr2qzc5nGzhdr7MSwBQ..VGg3UiDRWRh4PvTHdvIW/J7BoI.yJG', 1, '0000-00-00', '38bdf5958de39ec6af4061d0341db2e7.png'),
	(622, 'elena76201948@abv.bg', 'Elen', 'Koleva', '0861505', '$2y$13$EBjr2qzc5nGzhdr7MSwBQ..VGg3UiDRWRh4PvTHdvIW/J7BoI.yJG', 1, '0000-00-00', '38bdf5958de39ec6af4061d0341db2e7.png'),
	(623, 'elena63057576@abv.bg', 'Elen', 'Koleva', '0861505', '$2y$13$EBjr2qzc5nGzhdr7MSwBQ..VGg3UiDRWRh4PvTHdvIW/J7BoI.yJG', 1, '0000-00-00', '38bdf5958de39ec6af4061d0341db2e7.png'),
	(624, 'elena42223165@abv.bg', 'Elen', 'Koleva', '0861505', '$2y$13$EBjr2qzc5nGzhdr7MSwBQ..VGg3UiDRWRh4PvTHdvIW/J7BoI.yJG', 1, '0000-00-00', '38bdf5958de39ec6af4061d0341db2e7.png'),
	(625, 'elena57151775@abv.bg', 'Elen', 'Koleva', '0861505', '$2y$13$EBjr2qzc5nGzhdr7MSwBQ..VGg3UiDRWRh4PvTHdvIW/J7BoI.yJG', 1, '0000-00-00', '38bdf5958de39ec6af4061d0341db2e7.png'),
	(626, 'elena81947061@abv.bg', 'Elen', 'Koleva', '0861505', '$2y$13$EBjr2qzc5nGzhdr7MSwBQ..VGg3UiDRWRh4PvTHdvIW/J7BoI.yJG', 1, '0000-00-00', '38bdf5958de39ec6af4061d0341db2e7.png'),
	(627, 'elena75361416@abv.bg', 'Elen', 'Koleva', '0861505', '$2y$13$EBjr2qzc5nGzhdr7MSwBQ..VGg3UiDRWRh4PvTHdvIW/J7BoI.yJG', 1, '0000-00-00', '38bdf5958de39ec6af4061d0341db2e7.png'),
	(628, 'elena79587291@abv.bg', 'Elen', 'Koleva', '0861505', '$2y$13$EBjr2qzc5nGzhdr7MSwBQ..VGg3UiDRWRh4PvTHdvIW/J7BoI.yJG', 1, '0000-00-00', '38bdf5958de39ec6af4061d0341db2e7.png'),
	(629, 'elena7906849@abv.bg', 'Elen', 'Koleva', '0861505', '$2y$13$EBjr2qzc5nGzhdr7MSwBQ..VGg3UiDRWRh4PvTHdvIW/J7BoI.yJG', 1, '0000-00-00', '38bdf5958de39ec6af4061d0341db2e7.png'),
	(630, 'elena80761470@abv.bg', 'Elen', 'Koleva', '0861505', '$2y$13$EBjr2qzc5nGzhdr7MSwBQ..VGg3UiDRWRh4PvTHdvIW/J7BoI.yJG', 1, '0000-00-00', '38bdf5958de39ec6af4061d0341db2e7.png'),
	(631, 'elena854191@abv.bg', 'Elen', 'Koleva', '0861505', '$2y$13$EBjr2qzc5nGzhdr7MSwBQ..VGg3UiDRWRh4PvTHdvIW/J7BoI.yJG', 1, '0000-00-00', '38bdf5958de39ec6af4061d0341db2e7.png'),
	(632, 'elena22425861@abv.bg', 'Elen', 'Koleva', '0861505', '$2y$13$EBjr2qzc5nGzhdr7MSwBQ..VGg3UiDRWRh4PvTHdvIW/J7BoI.yJG', 1, '0000-00-00', '38bdf5958de39ec6af4061d0341db2e7.png'),
	(633, 'elena14614053@abv.bg', 'Elen', 'Koleva', '0861505', '$2y$13$EBjr2qzc5nGzhdr7MSwBQ..VGg3UiDRWRh4PvTHdvIW/J7BoI.yJG', 1, '0000-00-00', '38bdf5958de39ec6af4061d0341db2e7.png'),
	(634, 'elena34038754@abv.bg', 'Elen', 'Koleva', '0861505', '$2y$13$EBjr2qzc5nGzhdr7MSwBQ..VGg3UiDRWRh4PvTHdvIW/J7BoI.yJG', 1, '0000-00-00', '38bdf5958de39ec6af4061d0341db2e7.png'),
	(635, 'elena70878112@abv.bg', 'Elen', 'Koleva', '0861505', '$2y$13$EBjr2qzc5nGzhdr7MSwBQ..VGg3UiDRWRh4PvTHdvIW/J7BoI.yJG', 1, '0000-00-00', '38bdf5958de39ec6af4061d0341db2e7.png'),
	(636, 'elena78181860@abv.bg', 'Elen', 'Koleva', '0861505', '$2y$13$EBjr2qzc5nGzhdr7MSwBQ..VGg3UiDRWRh4PvTHdvIW/J7BoI.yJG', 1, '0000-00-00', '38bdf5958de39ec6af4061d0341db2e7.png'),
	(637, 'elena31616019@abv.bg', 'Elen', 'Koleva', '0861505', '$2y$13$EBjr2qzc5nGzhdr7MSwBQ..VGg3UiDRWRh4PvTHdvIW/J7BoI.yJG', 1, '0000-00-00', '38bdf5958de39ec6af4061d0341db2e7.png'),
	(638, 'elena56604390@abv.bg', 'Elen', 'Koleva', '0861505', '$2y$13$EBjr2qzc5nGzhdr7MSwBQ..VGg3UiDRWRh4PvTHdvIW/J7BoI.yJG', 1, '0000-00-00', '38bdf5958de39ec6af4061d0341db2e7.png'),
	(639, 'elena54294260@abv.bg', 'Elen', 'Koleva', '0861505', '$2y$13$EBjr2qzc5nGzhdr7MSwBQ..VGg3UiDRWRh4PvTHdvIW/J7BoI.yJG', 1, '0000-00-00', '38bdf5958de39ec6af4061d0341db2e7.png'),
	(640, 'elena40472786@abv.bg', 'Elen', 'Koleva', '0861505', '$2y$13$EBjr2qzc5nGzhdr7MSwBQ..VGg3UiDRWRh4PvTHdvIW/J7BoI.yJG', 1, '0000-00-00', '38bdf5958de39ec6af4061d0341db2e7.png'),
	(641, 'elena98105714@abv.bg', 'Elen', 'Koleva', '0861505', '$2y$13$EBjr2qzc5nGzhdr7MSwBQ..VGg3UiDRWRh4PvTHdvIW/J7BoI.yJG', 1, '0000-00-00', '38bdf5958de39ec6af4061d0341db2e7.png'),
	(642, 'elena8027636@abv.bg', 'Elen', 'Koleva', '0861505', '$2y$13$EBjr2qzc5nGzhdr7MSwBQ..VGg3UiDRWRh4PvTHdvIW/J7BoI.yJG', 1, '0000-00-00', '38bdf5958de39ec6af4061d0341db2e7.png'),
	(643, 'elena60119575@abv.bg', 'Elen', 'Koleva', '0861505', '$2y$13$EBjr2qzc5nGzhdr7MSwBQ..VGg3UiDRWRh4PvTHdvIW/J7BoI.yJG', 1, '0000-00-00', '38bdf5958de39ec6af4061d0341db2e7.png'),
	(644, 'elena2398410@abv.bg', 'Elen', 'Koleva', '0861505', '$2y$13$EBjr2qzc5nGzhdr7MSwBQ..VGg3UiDRWRh4PvTHdvIW/J7BoI.yJG', 1, '0000-00-00', '38bdf5958de39ec6af4061d0341db2e7.png'),
	(645, 'elena85978636@abv.bg', 'Elen', 'Koleva', '0861505', '$2y$13$EBjr2qzc5nGzhdr7MSwBQ..VGg3UiDRWRh4PvTHdvIW/J7BoI.yJG', 1, '0000-00-00', '38bdf5958de39ec6af4061d0341db2e7.png'),
	(646, 'elena3930322@abv.bg', 'Elen', 'Koleva', '0861505', '$2y$13$EBjr2qzc5nGzhdr7MSwBQ..VGg3UiDRWRh4PvTHdvIW/J7BoI.yJG', 1, '0000-00-00', '38bdf5958de39ec6af4061d0341db2e7.png'),
	(647, 'elena55487590@abv.bg', 'Elen', 'Koleva', '0861505', '$2y$13$EBjr2qzc5nGzhdr7MSwBQ..VGg3UiDRWRh4PvTHdvIW/J7BoI.yJG', 1, '0000-00-00', '38bdf5958de39ec6af4061d0341db2e7.png'),
	(648, 'elena56058139@abv.bg', 'Elen', 'Koleva', '0861505', '$2y$13$EBjr2qzc5nGzhdr7MSwBQ..VGg3UiDRWRh4PvTHdvIW/J7BoI.yJG', 1, '0000-00-00', '38bdf5958de39ec6af4061d0341db2e7.png'),
	(649, 'elena64826422@abv.bg', 'Elen', 'Koleva', '0861505', '$2y$13$EBjr2qzc5nGzhdr7MSwBQ..VGg3UiDRWRh4PvTHdvIW/J7BoI.yJG', 1, '0000-00-00', '38bdf5958de39ec6af4061d0341db2e7.png'),
	(650, 'elena32604573@abv.bg', 'Elen', 'Koleva', '0861505', '$2y$13$EBjr2qzc5nGzhdr7MSwBQ..VGg3UiDRWRh4PvTHdvIW/J7BoI.yJG', 1, '0000-00-00', '38bdf5958de39ec6af4061d0341db2e7.png'),
	(651, 'elena14301469@abv.bg', 'Elen', 'Koleva', '0861505', '$2y$13$EBjr2qzc5nGzhdr7MSwBQ..VGg3UiDRWRh4PvTHdvIW/J7BoI.yJG', 1, '0000-00-00', '38bdf5958de39ec6af4061d0341db2e7.png'),
	(652, 'elena3057260@abv.bg', 'Elen', 'Koleva', '0861505', '$2y$13$EBjr2qzc5nGzhdr7MSwBQ..VGg3UiDRWRh4PvTHdvIW/J7BoI.yJG', 1, '0000-00-00', '38bdf5958de39ec6af4061d0341db2e7.png'),
	(653, 'elena56422122@abv.bg', 'Elen', 'Koleva', '0861505', '$2y$13$EBjr2qzc5nGzhdr7MSwBQ..VGg3UiDRWRh4PvTHdvIW/J7BoI.yJG', 1, '0000-00-00', '38bdf5958de39ec6af4061d0341db2e7.png'),
	(654, 'elena16608804@abv.bg', 'Elen', 'Koleva', '0861505', '$2y$13$EBjr2qzc5nGzhdr7MSwBQ..VGg3UiDRWRh4PvTHdvIW/J7BoI.yJG', 1, '0000-00-00', '38bdf5958de39ec6af4061d0341db2e7.png'),
	(655, 'elena38791173@abv.bg', 'Elen', 'Koleva', '0861505', '$2y$13$EBjr2qzc5nGzhdr7MSwBQ..VGg3UiDRWRh4PvTHdvIW/J7BoI.yJG', 1, '0000-00-00', '38bdf5958de39ec6af4061d0341db2e7.png'),
	(656, 'elena17685720@abv.bg', 'Elen', 'Koleva', '0861505', '$2y$13$EBjr2qzc5nGzhdr7MSwBQ..VGg3UiDRWRh4PvTHdvIW/J7BoI.yJG', 1, '0000-00-00', '38bdf5958de39ec6af4061d0341db2e7.png'),
	(657, 'elena83974103@abv.bg', 'Elen', 'Koleva', '0861505', '$2y$13$EBjr2qzc5nGzhdr7MSwBQ..VGg3UiDRWRh4PvTHdvIW/J7BoI.yJG', 1, '0000-00-00', '38bdf5958de39ec6af4061d0341db2e7.png'),
	(658, 'elena99212361@abv.bg', 'Elen', 'Koleva', '0861505', '$2y$13$EBjr2qzc5nGzhdr7MSwBQ..VGg3UiDRWRh4PvTHdvIW/J7BoI.yJG', 1, '0000-00-00', '38bdf5958de39ec6af4061d0341db2e7.png'),
	(659, 'elena89247820@abv.bg', 'Elen', 'Koleva', '0861505', '$2y$13$EBjr2qzc5nGzhdr7MSwBQ..VGg3UiDRWRh4PvTHdvIW/J7BoI.yJG', 1, '0000-00-00', '38bdf5958de39ec6af4061d0341db2e7.png'),
	(660, 'elena89174886@abv.bg', 'Elen', 'Koleva', '0861505', '$2y$13$EBjr2qzc5nGzhdr7MSwBQ..VGg3UiDRWRh4PvTHdvIW/J7BoI.yJG', 1, '0000-00-00', '38bdf5958de39ec6af4061d0341db2e7.png'),
	(661, 'elena44459964@abv.bg', 'Elen', 'Koleva', '0861505', '$2y$13$EBjr2qzc5nGzhdr7MSwBQ..VGg3UiDRWRh4PvTHdvIW/J7BoI.yJG', 1, '0000-00-00', '38bdf5958de39ec6af4061d0341db2e7.png'),
	(662, 'elena56544779@abv.bg', 'Elen', 'Koleva', '0861505', '$2y$13$EBjr2qzc5nGzhdr7MSwBQ..VGg3UiDRWRh4PvTHdvIW/J7BoI.yJG', 1, '0000-00-00', '38bdf5958de39ec6af4061d0341db2e7.png'),
	(663, 'elena85412861@abv.bg', 'Elen', 'Koleva', '0861505', '$2y$13$EBjr2qzc5nGzhdr7MSwBQ..VGg3UiDRWRh4PvTHdvIW/J7BoI.yJG', 1, '0000-00-00', '38bdf5958de39ec6af4061d0341db2e7.png'),
	(664, 'elena65435004@abv.bg', 'Elen', 'Koleva', '0861505', '$2y$13$EBjr2qzc5nGzhdr7MSwBQ..VGg3UiDRWRh4PvTHdvIW/J7BoI.yJG', 1, '0000-00-00', '38bdf5958de39ec6af4061d0341db2e7.png'),
	(665, 'elena525588@abv.bg', 'Elen', 'Koleva', '0861505', '$2y$13$EBjr2qzc5nGzhdr7MSwBQ..VGg3UiDRWRh4PvTHdvIW/J7BoI.yJG', 1, '0000-00-00', '38bdf5958de39ec6af4061d0341db2e7.png'),
	(666, 'elena44502387@abv.bg', 'Elen', 'Koleva', '0861505', '$2y$13$EBjr2qzc5nGzhdr7MSwBQ..VGg3UiDRWRh4PvTHdvIW/J7BoI.yJG', 1, '0000-00-00', '38bdf5958de39ec6af4061d0341db2e7.png'),
	(667, 'elena8057943@abv.bg', 'Elen', 'Koleva', '0861505', '$2y$13$EBjr2qzc5nGzhdr7MSwBQ..VGg3UiDRWRh4PvTHdvIW/J7BoI.yJG', 1, '0000-00-00', '38bdf5958de39ec6af4061d0341db2e7.png'),
	(668, 'elena75389191@abv.bg', 'Elen', 'Koleva', '0861505', '$2y$13$EBjr2qzc5nGzhdr7MSwBQ..VGg3UiDRWRh4PvTHdvIW/J7BoI.yJG', 1, '0000-00-00', '38bdf5958de39ec6af4061d0341db2e7.png'),
	(669, 'elena27666738@abv.bg', 'Elen', 'Koleva', '0861505', '$2y$13$EBjr2qzc5nGzhdr7MSwBQ..VGg3UiDRWRh4PvTHdvIW/J7BoI.yJG', 1, '0000-00-00', '38bdf5958de39ec6af4061d0341db2e7.png'),
	(670, 'elena26524300@abv.bg', 'Elen', 'Koleva', '0861505', '$2y$13$EBjr2qzc5nGzhdr7MSwBQ..VGg3UiDRWRh4PvTHdvIW/J7BoI.yJG', 1, '0000-00-00', '38bdf5958de39ec6af4061d0341db2e7.png'),
	(671, 'elena31221950@abv.bg', 'Elen', 'Koleva', '0861505', '$2y$13$EBjr2qzc5nGzhdr7MSwBQ..VGg3UiDRWRh4PvTHdvIW/J7BoI.yJG', 1, '0000-00-00', '38bdf5958de39ec6af4061d0341db2e7.png'),
	(672, 'elena85873999@abv.bg', 'Elen', 'Koleva', '0861505', '$2y$13$EBjr2qzc5nGzhdr7MSwBQ..VGg3UiDRWRh4PvTHdvIW/J7BoI.yJG', 1, '0000-00-00', '38bdf5958de39ec6af4061d0341db2e7.png'),
	(673, 'elena75153061@abv.bg', 'Elen', 'Koleva', '0861505', '$2y$13$EBjr2qzc5nGzhdr7MSwBQ..VGg3UiDRWRh4PvTHdvIW/J7BoI.yJG', 1, '0000-00-00', '38bdf5958de39ec6af4061d0341db2e7.png'),
	(674, 'elena59008403@abv.bg', 'Elen', 'Koleva', '0861505', '$2y$13$EBjr2qzc5nGzhdr7MSwBQ..VGg3UiDRWRh4PvTHdvIW/J7BoI.yJG', 1, '0000-00-00', '38bdf5958de39ec6af4061d0341db2e7.png'),
	(675, 'elena18248748@abv.bg', 'Elen', 'Koleva', '0861505', '$2y$13$EBjr2qzc5nGzhdr7MSwBQ..VGg3UiDRWRh4PvTHdvIW/J7BoI.yJG', 1, '0000-00-00', '38bdf5958de39ec6af4061d0341db2e7.png'),
	(676, 'elena70158060@abv.bg', 'Elen', 'Koleva', '0861505', '$2y$13$EBjr2qzc5nGzhdr7MSwBQ..VGg3UiDRWRh4PvTHdvIW/J7BoI.yJG', 1, '0000-00-00', '38bdf5958de39ec6af4061d0341db2e7.png'),
	(677, 'elena92886872@abv.bg', 'Elen', 'Koleva', '0861505', '$2y$13$EBjr2qzc5nGzhdr7MSwBQ..VGg3UiDRWRh4PvTHdvIW/J7BoI.yJG', 1, '0000-00-00', '38bdf5958de39ec6af4061d0341db2e7.png'),
	(678, 'elena10178420@abv.bg', 'Elen', 'Koleva', '0861505', '$2y$13$EBjr2qzc5nGzhdr7MSwBQ..VGg3UiDRWRh4PvTHdvIW/J7BoI.yJG', 1, '0000-00-00', '38bdf5958de39ec6af4061d0341db2e7.png'),
	(679, 'elena4863753@abv.bg', 'Elen', 'Koleva', '0861505', '$2y$13$EBjr2qzc5nGzhdr7MSwBQ..VGg3UiDRWRh4PvTHdvIW/J7BoI.yJG', 1, '0000-00-00', '38bdf5958de39ec6af4061d0341db2e7.png'),
	(680, 'elena58557533@abv.bg', 'Elen', 'Koleva', '0861505', '$2y$13$EBjr2qzc5nGzhdr7MSwBQ..VGg3UiDRWRh4PvTHdvIW/J7BoI.yJG', 1, '0000-00-00', '38bdf5958de39ec6af4061d0341db2e7.png'),
	(681, 'elena9546212@abv.bg', 'Elen', 'Koleva', '0861505', '$2y$13$EBjr2qzc5nGzhdr7MSwBQ..VGg3UiDRWRh4PvTHdvIW/J7BoI.yJG', 1, '0000-00-00', '38bdf5958de39ec6af4061d0341db2e7.png'),
	(682, 'elena45913379@abv.bg', 'Elen', 'Koleva', '0861505', '$2y$13$EBjr2qzc5nGzhdr7MSwBQ..VGg3UiDRWRh4PvTHdvIW/J7BoI.yJG', 1, '0000-00-00', '38bdf5958de39ec6af4061d0341db2e7.png'),
	(683, 'elena16702559@abv.bg', 'Elen', 'Koleva', '0861505', '$2y$13$EBjr2qzc5nGzhdr7MSwBQ..VGg3UiDRWRh4PvTHdvIW/J7BoI.yJG', 1, '0000-00-00', '38bdf5958de39ec6af4061d0341db2e7.png'),
	(684, 'elena21113141@abv.bg', 'Elen', 'Koleva', '0861505', '$2y$13$EBjr2qzc5nGzhdr7MSwBQ..VGg3UiDRWRh4PvTHdvIW/J7BoI.yJG', 1, '0000-00-00', '38bdf5958de39ec6af4061d0341db2e7.png'),
	(685, 'elena39971227@abv.bg', 'Elen', 'Koleva', '0861505', '$2y$13$EBjr2qzc5nGzhdr7MSwBQ..VGg3UiDRWRh4PvTHdvIW/J7BoI.yJG', 1, '0000-00-00', '38bdf5958de39ec6af4061d0341db2e7.png'),
	(686, 'elena19288337@abv.bg', 'Elen', 'Koleva', '0861505', '$2y$13$EBjr2qzc5nGzhdr7MSwBQ..VGg3UiDRWRh4PvTHdvIW/J7BoI.yJG', 1, '0000-00-00', '38bdf5958de39ec6af4061d0341db2e7.png'),
	(687, 'elena52495953@abv.bg', 'Elen', 'Koleva', '0861505', '$2y$13$EBjr2qzc5nGzhdr7MSwBQ..VGg3UiDRWRh4PvTHdvIW/J7BoI.yJG', 1, '0000-00-00', '38bdf5958de39ec6af4061d0341db2e7.png'),
	(688, 'elena61261167@abv.bg', 'Elen', 'Koleva', '0861505', '$2y$13$EBjr2qzc5nGzhdr7MSwBQ..VGg3UiDRWRh4PvTHdvIW/J7BoI.yJG', 1, '0000-00-00', '38bdf5958de39ec6af4061d0341db2e7.png'),
	(689, 'elena94562942@abv.bg', 'Elen', 'Koleva', '0861505', '$2y$13$EBjr2qzc5nGzhdr7MSwBQ..VGg3UiDRWRh4PvTHdvIW/J7BoI.yJG', 1, '0000-00-00', '38bdf5958de39ec6af4061d0341db2e7.png'),
	(690, 'elena38854033@abv.bg', 'Elen', 'Koleva', '0861505', '$2y$13$EBjr2qzc5nGzhdr7MSwBQ..VGg3UiDRWRh4PvTHdvIW/J7BoI.yJG', 1, '0000-00-00', '38bdf5958de39ec6af4061d0341db2e7.png'),
	(691, 'elena78883495@abv.bg', 'Elen', 'Koleva', '0861505', '$2y$13$EBjr2qzc5nGzhdr7MSwBQ..VGg3UiDRWRh4PvTHdvIW/J7BoI.yJG', 1, '0000-00-00', '38bdf5958de39ec6af4061d0341db2e7.png'),
	(692, 'elena63398150@abv.bg', 'Elen', 'Koleva', '0861505', '$2y$13$EBjr2qzc5nGzhdr7MSwBQ..VGg3UiDRWRh4PvTHdvIW/J7BoI.yJG', 1, '0000-00-00', '38bdf5958de39ec6af4061d0341db2e7.png'),
	(693, 'elena3882620@abv.bg', 'Elen', 'Koleva', '0861505', '$2y$13$EBjr2qzc5nGzhdr7MSwBQ..VGg3UiDRWRh4PvTHdvIW/J7BoI.yJG', 1, '0000-00-00', '38bdf5958de39ec6af4061d0341db2e7.png'),
	(694, 'elena5826065@abv.bg', 'Elen', 'Koleva', '0861505', '$2y$13$EBjr2qzc5nGzhdr7MSwBQ..VGg3UiDRWRh4PvTHdvIW/J7BoI.yJG', 1, '0000-00-00', '38bdf5958de39ec6af4061d0341db2e7.png'),
	(695, 'elena68455381@abv.bg', 'Elen', 'Koleva', '0861505', '$2y$13$EBjr2qzc5nGzhdr7MSwBQ..VGg3UiDRWRh4PvTHdvIW/J7BoI.yJG', 1, '0000-00-00', '38bdf5958de39ec6af4061d0341db2e7.png'),
	(696, 'elena4892425@abv.bg', 'Elen', 'Koleva', '0861505', '$2y$13$EBjr2qzc5nGzhdr7MSwBQ..VGg3UiDRWRh4PvTHdvIW/J7BoI.yJG', 1, '0000-00-00', '38bdf5958de39ec6af4061d0341db2e7.png'),
	(697, 'elena3103772@abv.bg', 'Elen', 'Koleva', '0861505', '$2y$13$EBjr2qzc5nGzhdr7MSwBQ..VGg3UiDRWRh4PvTHdvIW/J7BoI.yJG', 1, '0000-00-00', '38bdf5958de39ec6af4061d0341db2e7.png'),
	(698, 'elena79389246@abv.bg', 'Elen', 'Koleva', '0861505', '$2y$13$EBjr2qzc5nGzhdr7MSwBQ..VGg3UiDRWRh4PvTHdvIW/J7BoI.yJG', 1, '0000-00-00', '38bdf5958de39ec6af4061d0341db2e7.png'),
	(699, 'elena53876654@abv.bg', 'Elen', 'Koleva', '0861505', '$2y$13$EBjr2qzc5nGzhdr7MSwBQ..VGg3UiDRWRh4PvTHdvIW/J7BoI.yJG', 1, '0000-00-00', '38bdf5958de39ec6af4061d0341db2e7.png'),
	(700, 'elena39297839@abv.bg', 'Elen', 'Koleva', '0861505', '$2y$13$EBjr2qzc5nGzhdr7MSwBQ..VGg3UiDRWRh4PvTHdvIW/J7BoI.yJG', 1, '0000-00-00', '38bdf5958de39ec6af4061d0341db2e7.png'),
	(701, 'elena97496219@abv.bg', 'Elen', 'Koleva', '0861505', '$2y$13$EBjr2qzc5nGzhdr7MSwBQ..VGg3UiDRWRh4PvTHdvIW/J7BoI.yJG', 1, '0000-00-00', '38bdf5958de39ec6af4061d0341db2e7.png'),
	(702, 'elena67866492@abv.bg', 'Elen', 'Koleva', '0861505', '$2y$13$EBjr2qzc5nGzhdr7MSwBQ..VGg3UiDRWRh4PvTHdvIW/J7BoI.yJG', 1, '0000-00-00', '38bdf5958de39ec6af4061d0341db2e7.png'),
	(703, 'elena57199475@abv.bg', 'Elen', 'Koleva', '0861505', '$2y$13$EBjr2qzc5nGzhdr7MSwBQ..VGg3UiDRWRh4PvTHdvIW/J7BoI.yJG', 1, '0000-00-00', '38bdf5958de39ec6af4061d0341db2e7.png'),
	(704, 'elena20796683@abv.bg', 'Elen', 'Koleva', '0861505', '$2y$13$EBjr2qzc5nGzhdr7MSwBQ..VGg3UiDRWRh4PvTHdvIW/J7BoI.yJG', 1, '0000-00-00', '38bdf5958de39ec6af4061d0341db2e7.png'),
	(705, 'elena71589616@abv.bg', 'Elen', 'Koleva', '0861505', '$2y$13$EBjr2qzc5nGzhdr7MSwBQ..VGg3UiDRWRh4PvTHdvIW/J7BoI.yJG', 1, '0000-00-00', '38bdf5958de39ec6af4061d0341db2e7.png'),
	(706, 'elena33447909@abv.bg', 'Elen', 'Koleva', '0861505', '$2y$13$EBjr2qzc5nGzhdr7MSwBQ..VGg3UiDRWRh4PvTHdvIW/J7BoI.yJG', 1, '0000-00-00', '38bdf5958de39ec6af4061d0341db2e7.png'),
	(707, 'elena69468346@abv.bg', 'Elen', 'Koleva', '0861505', '$2y$13$EBjr2qzc5nGzhdr7MSwBQ..VGg3UiDRWRh4PvTHdvIW/J7BoI.yJG', 1, '0000-00-00', '38bdf5958de39ec6af4061d0341db2e7.png'),
	(708, 'elena49625@abv.bg', 'Elen', 'Koleva', '0861505', '$2y$13$EBjr2qzc5nGzhdr7MSwBQ..VGg3UiDRWRh4PvTHdvIW/J7BoI.yJG', 1, '0000-00-00', '38bdf5958de39ec6af4061d0341db2e7.png'),
	(709, 'elena2613955@abv.bg', 'Elen', 'Koleva', '0861505', '$2y$13$EBjr2qzc5nGzhdr7MSwBQ..VGg3UiDRWRh4PvTHdvIW/J7BoI.yJG', 1, '0000-00-00', '38bdf5958de39ec6af4061d0341db2e7.png'),
	(710, 'elena74702416@abv.bg', 'Elen', 'Koleva', '0861505', '$2y$13$EBjr2qzc5nGzhdr7MSwBQ..VGg3UiDRWRh4PvTHdvIW/J7BoI.yJG', 1, '0000-00-00', '38bdf5958de39ec6af4061d0341db2e7.png'),
	(711, 'elena67349009@abv.bg', 'Elen', 'Koleva', '0861505', '$2y$13$EBjr2qzc5nGzhdr7MSwBQ..VGg3UiDRWRh4PvTHdvIW/J7BoI.yJG', 1, '0000-00-00', '38bdf5958de39ec6af4061d0341db2e7.png'),
	(712, 'elena67974877@abv.bg', 'Elen', 'Koleva', '0861505', '$2y$13$EBjr2qzc5nGzhdr7MSwBQ..VGg3UiDRWRh4PvTHdvIW/J7BoI.yJG', 1, '0000-00-00', '38bdf5958de39ec6af4061d0341db2e7.png'),
	(713, 'elena20718105@abv.bg', 'Elen', 'Koleva', '0861505', '$2y$13$EBjr2qzc5nGzhdr7MSwBQ..VGg3UiDRWRh4PvTHdvIW/J7BoI.yJG', 1, '0000-00-00', '38bdf5958de39ec6af4061d0341db2e7.png'),
	(714, 'elena93833613@abv.bg', 'Elen', 'Koleva', '0861505', '$2y$13$EBjr2qzc5nGzhdr7MSwBQ..VGg3UiDRWRh4PvTHdvIW/J7BoI.yJG', 1, '0000-00-00', '38bdf5958de39ec6af4061d0341db2e7.png'),
	(715, 'elena5947739@abv.bg', 'Elen', 'Koleva', '0861505', '$2y$13$EBjr2qzc5nGzhdr7MSwBQ..VGg3UiDRWRh4PvTHdvIW/J7BoI.yJG', 1, '0000-00-00', '38bdf5958de39ec6af4061d0341db2e7.png'),
	(716, 'elena21157419@abv.bg', 'Elen', 'Koleva', '0861505', '$2y$13$EBjr2qzc5nGzhdr7MSwBQ..VGg3UiDRWRh4PvTHdvIW/J7BoI.yJG', 1, '0000-00-00', '38bdf5958de39ec6af4061d0341db2e7.png'),
	(717, 'elena4759655@abv.bg', 'Elen', 'Koleva', '0861505', '$2y$13$EBjr2qzc5nGzhdr7MSwBQ..VGg3UiDRWRh4PvTHdvIW/J7BoI.yJG', 1, '0000-00-00', '38bdf5958de39ec6af4061d0341db2e7.png'),
	(718, 'elena29066155@abv.bg', 'Elen', 'Koleva', '0861505', '$2y$13$EBjr2qzc5nGzhdr7MSwBQ..VGg3UiDRWRh4PvTHdvIW/J7BoI.yJG', 1, '0000-00-00', '38bdf5958de39ec6af4061d0341db2e7.png'),
	(719, 'elena37834489@abv.bg', 'Elen', 'Koleva', '0861505', '$2y$13$EBjr2qzc5nGzhdr7MSwBQ..VGg3UiDRWRh4PvTHdvIW/J7BoI.yJG', 1, '0000-00-00', '38bdf5958de39ec6af4061d0341db2e7.png'),
	(720, 'elena5377789@abv.bg', 'Elen', 'Koleva', '0861505', '$2y$13$EBjr2qzc5nGzhdr7MSwBQ..VGg3UiDRWRh4PvTHdvIW/J7BoI.yJG', 1, '0000-00-00', '38bdf5958de39ec6af4061d0341db2e7.png'),
	(721, 'elena8529663@abv.bg', 'Elen', 'Koleva', '0861505', '$2y$13$EBjr2qzc5nGzhdr7MSwBQ..VGg3UiDRWRh4PvTHdvIW/J7BoI.yJG', 1, '0000-00-00', '38bdf5958de39ec6af4061d0341db2e7.png'),
	(722, 'elena73537688@abv.bg', 'Elen', 'Koleva', '0861505', '$2y$13$EBjr2qzc5nGzhdr7MSwBQ..VGg3UiDRWRh4PvTHdvIW/J7BoI.yJG', 1, '0000-00-00', '38bdf5958de39ec6af4061d0341db2e7.png'),
	(723, 'elena79157422@abv.bg', 'Elen', 'Koleva', '0861505', '$2y$13$EBjr2qzc5nGzhdr7MSwBQ..VGg3UiDRWRh4PvTHdvIW/J7BoI.yJG', 1, '0000-00-00', '38bdf5958de39ec6af4061d0341db2e7.png'),
	(724, 'elena58459005@abv.bg', 'Elen', 'Koleva', '0861505', '$2y$13$EBjr2qzc5nGzhdr7MSwBQ..VGg3UiDRWRh4PvTHdvIW/J7BoI.yJG', 1, '0000-00-00', '38bdf5958de39ec6af4061d0341db2e7.png'),
	(725, 'elena21473497@abv.bg', 'Elen', 'Koleva', '0861505', '$2y$13$EBjr2qzc5nGzhdr7MSwBQ..VGg3UiDRWRh4PvTHdvIW/J7BoI.yJG', 1, '0000-00-00', '38bdf5958de39ec6af4061d0341db2e7.png'),
	(726, 'elena2593217@abv.bg', 'Elen', 'Koleva', '0861505', '$2y$13$EBjr2qzc5nGzhdr7MSwBQ..VGg3UiDRWRh4PvTHdvIW/J7BoI.yJG', 1, '0000-00-00', '38bdf5958de39ec6af4061d0341db2e7.png'),
	(727, 'elena72898645@abv.bg', 'Elen', 'Koleva', '0861505', '$2y$13$EBjr2qzc5nGzhdr7MSwBQ..VGg3UiDRWRh4PvTHdvIW/J7BoI.yJG', 1, '0000-00-00', '38bdf5958de39ec6af4061d0341db2e7.png'),
	(728, 'elena4751473@abv.bg', 'Elen', 'Koleva', '0861505', '$2y$13$EBjr2qzc5nGzhdr7MSwBQ..VGg3UiDRWRh4PvTHdvIW/J7BoI.yJG', 1, '0000-00-00', '38bdf5958de39ec6af4061d0341db2e7.png'),
	(729, 'elena67845185@abv.bg', 'Elen', 'Koleva', '0861505', '$2y$13$EBjr2qzc5nGzhdr7MSwBQ..VGg3UiDRWRh4PvTHdvIW/J7BoI.yJG', 1, '0000-00-00', '38bdf5958de39ec6af4061d0341db2e7.png'),
	(730, 'elena16114805@abv.bg', 'Elen', 'Koleva', '0861505', '$2y$13$EBjr2qzc5nGzhdr7MSwBQ..VGg3UiDRWRh4PvTHdvIW/J7BoI.yJG', 1, '0000-00-00', '38bdf5958de39ec6af4061d0341db2e7.png'),
	(731, 'elena80479463@abv.bg', 'Elen', 'Koleva', '0861505', '$2y$13$EBjr2qzc5nGzhdr7MSwBQ..VGg3UiDRWRh4PvTHdvIW/J7BoI.yJG', 1, '0000-00-00', '38bdf5958de39ec6af4061d0341db2e7.png'),
	(732, 'elena17119986@abv.bg', 'Elen', 'Koleva', '0861505', '$2y$13$EBjr2qzc5nGzhdr7MSwBQ..VGg3UiDRWRh4PvTHdvIW/J7BoI.yJG', 1, '0000-00-00', '38bdf5958de39ec6af4061d0341db2e7.png'),
	(733, 'elena98017966@abv.bg', 'Elen', 'Koleva', '0861505', '$2y$13$EBjr2qzc5nGzhdr7MSwBQ..VGg3UiDRWRh4PvTHdvIW/J7BoI.yJG', 1, '0000-00-00', '38bdf5958de39ec6af4061d0341db2e7.png'),
	(734, 'elena38227889@abv.bg', 'Elen', 'Koleva', '0861505', '$2y$13$EBjr2qzc5nGzhdr7MSwBQ..VGg3UiDRWRh4PvTHdvIW/J7BoI.yJG', 1, '0000-00-00', '38bdf5958de39ec6af4061d0341db2e7.png'),
	(735, 'elena57268676@abv.bg', 'Elen', 'Koleva', '0861505', '$2y$13$EBjr2qzc5nGzhdr7MSwBQ..VGg3UiDRWRh4PvTHdvIW/J7BoI.yJG', 1, '0000-00-00', '38bdf5958de39ec6af4061d0341db2e7.png'),
	(736, 'elena95439241@abv.bg', 'Elen', 'Koleva', '0861505', '$2y$13$EBjr2qzc5nGzhdr7MSwBQ..VGg3UiDRWRh4PvTHdvIW/J7BoI.yJG', 1, '0000-00-00', '38bdf5958de39ec6af4061d0341db2e7.png'),
	(737, 'elena9058709@abv.bg', 'Elen', 'Koleva', '0861505', '$2y$13$EBjr2qzc5nGzhdr7MSwBQ..VGg3UiDRWRh4PvTHdvIW/J7BoI.yJG', 1, '0000-00-00', '38bdf5958de39ec6af4061d0341db2e7.png'),
	(738, 'elena82615275@abv.bg', 'Elen', 'Koleva', '0861505', '$2y$13$EBjr2qzc5nGzhdr7MSwBQ..VGg3UiDRWRh4PvTHdvIW/J7BoI.yJG', 1, '0000-00-00', '38bdf5958de39ec6af4061d0341db2e7.png'),
	(739, 'elena83668185@abv.bg', 'Elen', 'Koleva', '0861505', '$2y$13$EBjr2qzc5nGzhdr7MSwBQ..VGg3UiDRWRh4PvTHdvIW/J7BoI.yJG', 1, '0000-00-00', '38bdf5958de39ec6af4061d0341db2e7.png'),
	(740, 'elena400982@abv.bg', 'Elen', 'Koleva', '0861505', '$2y$13$EBjr2qzc5nGzhdr7MSwBQ..VGg3UiDRWRh4PvTHdvIW/J7BoI.yJG', 1, '0000-00-00', '38bdf5958de39ec6af4061d0341db2e7.png'),
	(741, 'elena10391767@abv.bg', 'Elen', 'Koleva', '0861505', '$2y$13$EBjr2qzc5nGzhdr7MSwBQ..VGg3UiDRWRh4PvTHdvIW/J7BoI.yJG', 1, '0000-00-00', '38bdf5958de39ec6af4061d0341db2e7.png');
/*!40000 ALTER TABLE `users` ENABLE KEYS */;

-- Дъмп структура за таблица symfony_social_network.users_roles
CREATE TABLE IF NOT EXISTS `users_roles` (
  `user_id` int(11) NOT NULL,
  `role_id` int(11) NOT NULL,
  PRIMARY KEY (`user_id`,`role_id`),
  KEY `IDX_51498A8EA76ED395` (`user_id`),
  KEY `IDX_51498A8ED60322AC` (`role_id`),
  CONSTRAINT `FK_51498A8EA76ED395` FOREIGN KEY (`user_id`) REFERENCES `users` (`id`),
  CONSTRAINT `FK_51498A8ED60322AC` FOREIGN KEY (`role_id`) REFERENCES `roles` (`id`)
) ENGINE=InnoDB DEFAULT CHARSET=utf8 COLLATE=utf8_unicode_ci;

-- Дъмп данни за таблица symfony_social_network.users_roles: ~2 rows (approximately)
/*!40000 ALTER TABLE `users_roles` DISABLE KEYS */;
INSERT INTO `users_roles` (`user_id`, `role_id`) VALUES
	(1, 1),
	(1, 2),
	(5, 1);
/*!40000 ALTER TABLE `users_roles` ENABLE KEYS */;

/*!40101 SET SQL_MODE=IFNULL(@OLD_SQL_MODE, '') */;
/*!40014 SET FOREIGN_KEY_CHECKS=IF(@OLD_FOREIGN_KEY_CHECKS IS NULL, 1, @OLD_FOREIGN_KEY_CHECKS) */;
/*!40101 SET CHARACTER_SET_CLIENT=@OLD_CHARACTER_SET_CLIENT */;
